Crime Description,Victim Gender,Victim Descent,Count
INTIMATE PARTNER - SIMPLE ASSAULT,Female,Hispanic,8877
BATTERY - SIMPLE ASSAULT,Female,Hispanic,8267
BATTERY - SIMPLE ASSAULT,Male,Hispanic,7741
"ASSAULT WITH DEADLY WEAPON, AGGRAVATED ASSAULT",Male,Hispanic,6244
BURGLARY,Male,White,6044
BURGLARY FROM VEHICLE,Male,Hispanic,5885
BURGLARY FROM VEHICLE,Male,White,5592
ROBBERY,Male,Hispanic,5582
BATTERY - SIMPLE ASSAULT,Female,Black,5563
THEFT PLAIN - PETTY ($950 & UNDER),Male,White,4885
BURGLARY FROM VEHICLE,Female,Hispanic,4595
INTIMATE PARTNER - SIMPLE ASSAULT,Female,Black,4417
BURGLARY FROM VEHICLE,Female,White,4404
THEFT PLAIN - PETTY ($950 & UNDER),Male,Hispanic,4219
THEFT OF IDENTITY,Female,White,4205
THEFT PLAIN - PETTY ($950 & UNDER),Female,White,4101
THEFT OF IDENTITY,Male,White,4067
"VANDALISM - FELONY ($400 & OVER, ALL CHURCH VANDALISMS)",Male,Hispanic,3936
BATTERY - SIMPLE ASSAULT,Male,White,3888
THEFT PLAIN - PETTY ($950 & UNDER),Female,Hispanic,3878
BURGLARY,Female,White,3730
THEFT OF IDENTITY,Female,Hispanic,3711
THEFT OF IDENTITY,Male,Hispanic,3695
BURGLARY,Male,Hispanic,3629
"ASSAULT WITH DEADLY WEAPON, AGGRAVATED ASSAULT",Male,Black,3422
"THEFT-GRAND ($950.01 & OVER)EXCPT,GUNS,FOWL,LIVESTK,PROD",Male,White,3410
"VANDALISM - FELONY ($400 & OVER, ALL CHURCH VANDALISMS)",Male,White,3222
"VANDALISM - FELONY ($400 & OVER, ALL CHURCH VANDALISMS)",Female,Hispanic,3161
BURGLARY,Female,Hispanic,3135
VANDALISM - MISDEAMEANOR ($399 OR UNDER),Male,Hispanic,3121
VANDALISM - MISDEAMEANOR ($399 OR UNDER),Female,Hispanic,3111
BATTERY - SIMPLE ASSAULT,Male,Black,3074
BATTERY - SIMPLE ASSAULT,Female,White,2981
BURGLARY,Male,Other,2948
CRIMINAL THREATS - NO WEAPON DISPLAYED,Female,Hispanic,2550
ROBBERY,Female,Hispanic,2505
VANDALISM - MISDEAMEANOR ($399 OR UNDER),Male,White,2485
INTIMATE PARTNER - SIMPLE ASSAULT,Female,White,2405
THEFT PLAIN - PETTY ($950 & UNDER),Female,Black,2401
THEFT FROM MOTOR VEHICLE - PETTY ($950 & UNDER),Male,Hispanic,2349
"THEFT-GRAND ($950.01 & OVER)EXCPT,GUNS,FOWL,LIVESTK,PROD",Female,White,2345
BURGLARY FROM VEHICLE,Male,Other,2292
THEFT PLAIN - PETTY ($950 & UNDER),Male,Other,2200
INTIMATE PARTNER - SIMPLE ASSAULT,Male,Hispanic,2070
THEFT PLAIN - PETTY ($950 & UNDER),Male,Black,2064
BURGLARY,Female,Black,2037
THEFT OF IDENTITY,Female,Black,2017
"ASSAULT WITH DEADLY WEAPON, AGGRAVATED ASSAULT",Female,Hispanic,2015
"VANDALISM - FELONY ($400 & OVER, ALL CHURCH VANDALISMS)",Female,White,1994
CRIMINAL THREATS - NO WEAPON DISPLAYED,Male,Hispanic,1988
VANDALISM - MISDEAMEANOR ($399 OR UNDER),Female,Black,1969
BURGLARY FROM VEHICLE,Female,Black,1958
"VANDALISM - FELONY ($400 & OVER, ALL CHURCH VANDALISMS)",Male,Other,1928
THEFT FROM MOTOR VEHICLE - PETTY ($950 & UNDER),Male,White,1911
THEFT FROM MOTOR VEHICLE - PETTY ($950 & UNDER),Female,Hispanic,1832
BURGLARY FROM VEHICLE,Male,Black,1810
SHOPLIFTING - PETTY THEFT ($950 & UNDER),Unknown,Unknown,1779
"ASSAULT WITH DEADLY WEAPON, AGGRAVATED ASSAULT",Male,White,1776
"ASSAULT WITH DEADLY WEAPON, AGGRAVATED ASSAULT",Female,Black,1766
SHOPLIFTING - PETTY THEFT ($950 & UNDER),Male,White,1758
"VANDALISM - FELONY ($400 & OVER, ALL CHURCH VANDALISMS)",Female,Black,1718
VANDALISM - MISDEAMEANOR ($399 OR UNDER),Female,White,1715
CRIMINAL THREATS - NO WEAPON DISPLAYED,Female,Black,1665
SHOPLIFTING - PETTY THEFT ($950 & UNDER),Male,Hispanic,1652
BATTERY - SIMPLE ASSAULT,Male,Other,1650
THEFT OF IDENTITY,Male,Other,1641
"THEFT-GRAND ($950.01 & OVER)EXCPT,GUNS,FOWL,LIVESTK,PROD",Male,Hispanic,1617
ROBBERY,Male,Black,1589
ROBBERY,Male,White,1580
THEFT OF IDENTITY,Male,Black,1558
BURGLARY,Male,Black,1520
THEFT FROM MOTOR VEHICLE - GRAND ($400 AND OVER),Male,White,1496
THEFT FROM MOTOR VEHICLE - PETTY ($950 & UNDER),Female,White,1463
VIOLATION OF RESTRAINING ORDER,Female,Hispanic,1461
BURGLARY FROM VEHICLE,Female,Other,1457
SHOPLIFTING - PETTY THEFT ($950 & UNDER),Male,Other,1435
"THEFT-GRAND ($950.01 & OVER)EXCPT,GUNS,FOWL,LIVESTK,PROD",Female,Hispanic,1396
THEFT OF IDENTITY,Female,Other,1373
"THEFT-GRAND ($950.01 & OVER)EXCPT,GUNS,FOWL,LIVESTK,PROD",Male,Other,1336
"VANDALISM - FELONY ($400 & OVER, ALL CHURCH VANDALISMS)",Male,Black,1215
VANDALISM - MISDEAMEANOR ($399 OR UNDER),Male,Other,1198
THEFT PLAIN - PETTY ($950 & UNDER),Female,Other,1195
BURGLARY,Unknown,Unknown,1169
THEFT FROM MOTOR VEHICLE - GRAND ($400 AND OVER),Male,Hispanic,1167
BURGLARY,Female,Other,1166
VANDALISM - MISDEAMEANOR ($399 OR UNDER),Male,Black,1164
VIOLATION OF COURT ORDER,Female,Hispanic,1154
"VANDALISM - FELONY ($400 & OVER, ALL CHURCH VANDALISMS)",Unknown,Unknown,1106
CRIMINAL THREATS - NO WEAPON DISPLAYED,Male,White,1100
ROBBERY,Female,Black,1095
INTIMATE PARTNER - AGGRAVATED ASSAULT,Female,Hispanic,1062
ROBBERY,Male,Other,1050
INTIMATE PARTNER - SIMPLE ASSAULT,Male,Black,1042
"LETTERS, LEWD  -  TELEPHONE CALLS, LEWD",Female,Hispanic,1035
CRM AGNST CHLD (13 OR UNDER) (14-15 & SUSP 10 YRS OLDER),Female,Hispanic,1008
THEFT PLAIN - PETTY ($950 & UNDER),Unknown,Unknown,995
BATTERY WITH SEXUAL CONTACT,Female,Hispanic,959
BRANDISH WEAPON,Male,Hispanic,928
BATTERY - SIMPLE ASSAULT,Female,Other,924
ATTEMPTED ROBBERY,Male,Hispanic,916
INTIMATE PARTNER - SIMPLE ASSAULT,Male,White,915
CRIMINAL THREATS - NO WEAPON DISPLAYED,Female,White,905
CRIMINAL THREATS - NO WEAPON DISPLAYED,Male,Black,902
"THEFT, PERSON",Female,Hispanic,863
THEFT FROM MOTOR VEHICLE - GRAND ($400 AND OVER),Female,White,850
DOCUMENT FORGERY / STOLEN FELONY,Male,White,846
"LETTERS, LEWD  -  TELEPHONE CALLS, LEWD",Female,White,845
TRESPASSING,Male,White,833
SHOPLIFTING - PETTY THEFT ($950 & UNDER),Male,Unknown,823
"THEFT-GRAND ($950.01 & OVER)EXCPT,GUNS,FOWL,LIVESTK,PROD",Male,Black,815
BIKE - STOLEN,Male,White,789
"RAPE, FORCIBLE",Female,Hispanic,764
"THEFT-GRAND ($950.01 & OVER)EXCPT,GUNS,FOWL,LIVESTK,PROD",Female,Black,755
"THEFT-GRAND ($950.01 & OVER)EXCPT,GUNS,FOWL,LIVESTK,PROD",Female,Other,751
INTIMATE PARTNER - SIMPLE ASSAULT,Female,Other,748
"VANDALISM - FELONY ($400 & OVER, ALL CHURCH VANDALISMS)",Female,Other,723
OTHER MISCELLANEOUS CRIME,Male,White,719
"ASSAULT WITH DEADLY WEAPON, AGGRAVATED ASSAULT",Male,Other,702
INTIMATE PARTNER - AGGRAVATED ASSAULT,Female,Black,687
THEFT FROM MOTOR VEHICLE - PETTY ($950 & UNDER),Male,Other,671
SHOPLIFTING - PETTY THEFT ($950 & UNDER),Female,Hispanic,669
THEFT FROM MOTOR VEHICLE - PETTY ($950 & UNDER),Female,Black,652
THEFT FROM MOTOR VEHICLE - GRAND ($400 AND OVER),Female,Hispanic,648
VANDALISM - MISDEAMEANOR ($399 OR UNDER),Unknown,Unknown,645
OTHER MISCELLANEOUS CRIME,Male,Hispanic,638
ROBBERY,Unknown,Unknown,632
DOCUMENT FORGERY / STOLEN FELONY,Female,White,618
"ASSAULT WITH DEADLY WEAPON, AGGRAVATED ASSAULT",Female,White,603
BURGLARY,Male,Other Asian,599
BURGLARY FROM VEHICLE,Male,Other Asian,593
BURGLARY,Female,Other Asian,569
CHILD ABUSE (PHYSICAL) - SIMPLE ASSAULT,Female,Hispanic,568
ROBBERY,Female,White,567
BURGLARY FROM VEHICLE,Female,Other Asian,564
VIOLATION OF COURT ORDER,Male,Hispanic,553
"THEFT-GRAND ($950.01 & OVER)EXCPT,GUNS,FOWL,LIVESTK,PROD",Unknown,Unknown,551
CHILD ANNOYING (17YRS & UNDER),Female,Hispanic,543
VIOLATION OF RESTRAINING ORDER,Female,Black,542
VIOLATION OF RESTRAINING ORDER,Female,White,534
DOCUMENT FORGERY / STOLEN FELONY,Female,Hispanic,529
"SEX,UNLAWFUL(INC MUTUAL CONSENT, PENETRATION W/ FRGN OBJ",Female,Hispanic,529
THEFT FROM MOTOR VEHICLE - PETTY ($950 & UNDER),Male,Black,527
DOCUMENT FORGERY / STOLEN FELONY,Male,Hispanic,522
CRIMINAL THREATS - NO WEAPON DISPLAYED,Male,Other,520
THEFT FROM MOTOR VEHICLE - GRAND ($400 AND OVER),Male,Other,514
CHILD ABUSE (PHYSICAL) - SIMPLE ASSAULT,Male,Hispanic,503
TRESPASSING,Female,White,501
VANDALISM - MISDEAMEANOR ($399 OR UNDER),Female,Other,495
BRANDISH WEAPON,Female,Hispanic,492
BIKE - STOLEN,Male,Hispanic,492
"LETTERS, LEWD  -  TELEPHONE CALLS, LEWD",Male,White,484
THEFT PLAIN - PETTY ($950 & UNDER),Female,Other Asian,481
TRESPASSING,Male,Hispanic,480
"THEFT, PERSON",Male,Hispanic,475
"RAPE, FORCIBLE",Female,White,475
"LETTERS, LEWD  -  TELEPHONE CALLS, LEWD",Female,Black,473
THEFT OF IDENTITY,Female,Other Asian,463
TRESPASSING,Female,Hispanic,462
SHOPLIFTING - PETTY THEFT ($950 & UNDER),Male,Black,460
BRANDISH WEAPON,Male,Black,459
"BURGLARY, ATTEMPTED",Male,White,457
TRESPASSING,Unknown,Unknown,452
THEFT PLAIN - PETTY ($950 & UNDER),Male,Other Asian,447
TRESPASSING,Male,Other,442
BATTERY WITH SEXUAL CONTACT,Female,White,431
OTHER MISCELLANEOUS CRIME,Female,Hispanic,429
THEFT FROM MOTOR VEHICLE - PETTY ($950 & UNDER),Female,Other,429
"RAPE, FORCIBLE",Female,Black,424
VIOLATION OF COURT ORDER,Female,White,423
THEFT PLAIN - PETTY ($950 & UNDER),Male,Unknown,421
BIKE - STOLEN,Female,White,418
VIOLATION OF COURT ORDER,Female,Black,405
DOCUMENT FORGERY / STOLEN FELONY,Male,Other,394
OTHER MISCELLANEOUS CRIME,Male,Other,388
THEFT OF IDENTITY,Male,Other Asian,380
BATTERY - SIMPLE ASSAULT,Male,Other Asian,377
"BURGLARY, ATTEMPTED",Female,White,377
"THEFT, PERSON",Female,Black,362
VIOLATION OF RESTRAINING ORDER,Male,Hispanic,361
OTHER MISCELLANEOUS CRIME,Male,Black,358
ATTEMPTED ROBBERY,Female,Hispanic,357
INTIMATE PARTNER - AGGRAVATED ASSAULT,Female,White,354
BRANDISH WEAPON,Female,Black,332
"LETTERS, LEWD  -  TELEPHONE CALLS, LEWD",Male,Hispanic,331
BURGLARY,Male,Unknown,330
"VANDALISM - FELONY ($400 & OVER, ALL CHURCH VANDALISMS)",Male,Unknown,327
OTHER MISCELLANEOUS CRIME,Female,White,322
BATTERY - SIMPLE ASSAULT,Female,Other Asian,317
CHILD NEGLECT (SEE 300 W.I.C.),Male,Hispanic,312
"BUNCO, GRAND THEFT",Female,Hispanic,308
OTHER MISCELLANEOUS CRIME,Unknown,Unknown,307
OTHER MISCELLANEOUS CRIME,Female,Black,305
BRANDISH WEAPON,Male,White,305
THEFT FROM MOTOR VEHICLE - GRAND ($400 AND OVER),Male,Black,305
"BUNCO, GRAND THEFT",Female,White,304
CRIMINAL THREATS - NO WEAPON DISPLAYED,Female,Other,304
CHILD NEGLECT (SEE 300 W.I.C.),Female,Hispanic,302
INDECENT EXPOSURE,Female,Hispanic,297
BATTERY WITH SEXUAL CONTACT,Female,Black,294
VIOLATION OF COURT ORDER,Male,White,290
"THEFT-GRAND ($950.01 & OVER)EXCPT,GUNS,FOWL,LIVESTK,PROD",Female,Other Asian,283
"BURGLARY, ATTEMPTED",Female,Hispanic,273
"BUNCO, GRAND THEFT",Male,White,272
THEFT FROM MOTOR VEHICLE - GRAND ($400 AND OVER),Female,Black,269
THEFT FROM MOTOR VEHICLE - GRAND ($400 AND OVER),Female,Other,269
VIOLATION OF COURT ORDER,Male,Black,266
INTIMATE PARTNER - AGGRAVATED ASSAULT,Male,Hispanic,265
"THEFT-GRAND ($950.01 & OVER)EXCPT,GUNS,FOWL,LIVESTK,PROD",Male,Other Asian,263
"BURGLARY, ATTEMPTED",Male,Hispanic,263
INTIMATE PARTNER - SIMPLE ASSAULT,Female,Other Asian,259
CONTEMPT OF COURT,Female,Hispanic,259
DOCUMENT FORGERY / STOLEN FELONY,Female,Black,257
ROBBERY,Male,Other Asian,255
INTIMATE PARTNER - SIMPLE ASSAULT,Male,Other,253
BATTERY POLICE (SIMPLE),Male,Hispanic,252
VIOLATION OF RESTRAINING ORDER,Male,White,252
"THEFT, PERSON",Female,White,247
ROBBERY,Female,Other,247
"BUNCO, GRAND THEFT",Male,Hispanic,244
"THEFT, PERSON",Male,White,240
ATTEMPTED ROBBERY,Male,White,237
"BURGLARY, ATTEMPTED",Female,Black,233
CRIMINAL HOMICIDE,Male,Hispanic,233
VEHICLE - ATTEMPT STOLEN,Male,Hispanic,228
"LETTERS, LEWD  -  TELEPHONE CALLS, LEWD",Female,Other,228
"BURGLARY, ATTEMPTED",Male,Other,222
TRESPASSING,Female,Black,220
CHILD ABUSE (PHYSICAL) - SIMPLE ASSAULT,Female,Black,219
SHOPLIFTING-GRAND THEFT ($950.01 & OVER),Unknown,Unknown,219
INTIMATE PARTNER - AGGRAVATED ASSAULT,Male,Black,217
BATTERY POLICE (SIMPLE),Male,White,214
SEXUAL PENETRATION W/FOREIGN OBJECT,Female,Hispanic,213
TRESPASSING,Male,Black,210
"VANDALISM - FELONY ($400 & OVER, ALL CHURCH VANDALISMS)",Male,Other Asian,206
SHOPLIFTING - PETTY THEFT ($950 & UNDER),Female,White,206
"EMBEZZLEMENT, GRAND THEFT ($950.01 & OVER)",Unknown,Unknown,203
"VANDALISM - FELONY ($400 & OVER, ALL CHURCH VANDALISMS)",Female,Other Asian,200
"BUNCO, PETTY THEFT",Female,Hispanic,200
CRIMINAL HOMICIDE,Male,Black,200
"THEFT, PERSON",Male,Black,197
CRM AGNST CHLD (13 OR UNDER) (14-15 & SUSP 10 YRS OLDER),Female,Black,196
ROBBERY,Male,Unknown,195
CHILD ABUSE (PHYSICAL) - SIMPLE ASSAULT,Male,Black,194
VANDALISM - MISDEAMEANOR ($399 OR UNDER),Male,Unknown,193
BIKE - STOLEN,Male,Other,191
"BUNCO, PETTY THEFT",Male,Hispanic,191
DOCUMENT FORGERY / STOLEN FELONY,Female,Other,190
"LETTERS, LEWD  -  TELEPHONE CALLS, LEWD",Male,Other,189
DOCUMENT FORGERY / STOLEN FELONY,Unknown,Unknown,188
VANDALISM - MISDEAMEANOR ($399 OR UNDER),Male,Other Asian,186
DOCUMENT FORGERY / STOLEN FELONY,Male,Black,186
"THEFT-GRAND ($950.01 & OVER)EXCPT,GUNS,FOWL,LIVESTK,PROD",Male,Unknown,184
BIKE - STOLEN,Male,Black,183
DISTURBING THE PEACE,Male,White,180
VIOLATION OF COURT ORDER,Male,Other,179
THEFT FROM MOTOR VEHICLE - PETTY ($950 & UNDER),Male,Other Asian,173
THEFT FROM MOTOR VEHICLE - PETTY ($950 & UNDER),Female,Other Asian,172
VANDALISM - MISDEAMEANOR ($399 OR UNDER),Female,Other Asian,170
ATTEMPTED ROBBERY,Male,Black,169
"LETTERS, LEWD  -  TELEPHONE CALLS, LEWD",Male,Black,166
SHOPLIFTING-GRAND THEFT ($950.01 & OVER),Male,White,161
BIKE - STOLEN,Female,Hispanic,161
ROBBERY,Female,Other Asian,160
CRM AGNST CHLD (13 OR UNDER) (14-15 & SUSP 10 YRS OLDER),Male,Hispanic,158
"ASSAULT WITH DEADLY WEAPON, AGGRAVATED ASSAULT",Female,Other,157
SHOPLIFTING - PETTY THEFT ($950 & UNDER),Female,Black,154
OTHER MISCELLANEOUS CRIME,Male,Unknown,147
CHILD NEGLECT (SEE 300 W.I.C.),Female,Black,147
TRESPASSING,Female,Other,147
RESISTING ARREST,Male,White,146
KIDNAPPING,Female,Hispanic,145
BIKE - STOLEN,Male,Other Asian,144
RESISTING ARREST,Male,Hispanic,143
VIOLATION OF RESTRAINING ORDER,Male,Black,142
OTHER ASSAULT,Male,Hispanic,141
BURGLARY FROM VEHICLE,Unknown,Unknown,140
DISCHARGE FIREARMS/SHOTS FIRED,Male,Other,139
OTHER ASSAULT,Female,Hispanic,137
BURGLARY FROM VEHICLE,Male,Korean,136
THEFT FROM MOTOR VEHICLE - GRAND ($400 AND OVER),Male,Other Asian,134
"BUNCO, PETTY THEFT",Male,White,133
DISCHARGE FIREARMS/SHOTS FIRED,Unknown,Unknown,133
VIOLATION OF RESTRAINING ORDER,Female,Other,133
DISCHARGE FIREARMS/SHOTS FIRED,Male,Hispanic,131
STALKING,Female,Hispanic,131
THREATENING PHONE CALLS/LETTERS,Female,Hispanic,130
"EMBEZZLEMENT, GRAND THEFT ($950.01 & OVER)",Male,White,130
DISCHARGE FIREARMS/SHOTS FIRED,Male,White,130
"BURGLARY FROM VEHICLE, ATTEMPTED",Male,Hispanic,129
"BURGLARY, ATTEMPTED",Male,Black,128
"ASSAULT WITH DEADLY WEAPON, AGGRAVATED ASSAULT",Male,Other Asian,127
EXTORTION,Male,Hispanic,126
ARSON,Male,Hispanic,126
SEX OFFENDER REGISTRANT OUT OF COMPLIANCE,Unknown,Unknown,126
CHILD NEGLECT (SEE 300 W.I.C.),Male,Black,126
ATTEMPTED ROBBERY,Male,Other,126
ORAL COPULATION,Female,Hispanic,125
BATTERY - SIMPLE ASSAULT,Male,Korean,124
"BUNCO, GRAND THEFT",Male,Other,124
CHILD ANNOYING (17YRS & UNDER),Female,Black,124
BRANDISH WEAPON,Male,Other,123
PURSE SNATCHING,Female,Hispanic,122
INTIMATE PARTNER - AGGRAVATED ASSAULT,Male,White,122
ARSON,Male,White,122
"THEFT, PERSON",Female,Other,122
CONTEMPT OF COURT,Female,White,121
ATTEMPTED ROBBERY,Female,White,119
"RAPE, FORCIBLE",Female,Other,119
SHOPLIFTING-GRAND THEFT ($950.01 & OVER),Male,Hispanic,118
VEHICLE - ATTEMPT STOLEN,Male,White,117
VIOLATION OF COURT ORDER,Female,Other,115
BATTERY POLICE (SIMPLE),Male,Other,115
SHOTS FIRED AT INHABITED DWELLING,Female,Hispanic,114
"BURGLARY, ATTEMPTED",Female,Other,114
TRESPASSING,Male,Unknown,114
DISTURBING THE PEACE,Female,White,113
SHOPLIFTING-GRAND THEFT ($950.01 & OVER),Male,Unknown,112
BRANDISH WEAPON,Female,White,112
"BUNCO, PETTY THEFT",Female,White,111
DISTURBING THE PEACE,Female,Hispanic,111
VEHICLE - ATTEMPT STOLEN,Female,Hispanic,109
BATTERY POLICE (SIMPLE),Unknown,Unknown,109
SHOTS FIRED AT INHABITED DWELLING,Male,Hispanic,108
THEFT OF IDENTITY,Unknown,Unknown,108
RESISTING ARREST,Male,Other,108
ARSON,Male,Other,104
THEFT OF IDENTITY,Female,Korean,103
SHOPLIFTING-GRAND THEFT ($950.01 & OVER),Male,Other,103
"THEFT, PERSON",Male,Other,102
THREATENING PHONE CALLS/LETTERS,Female,White,101
"BURGLARY FROM VEHICLE, ATTEMPTED",Female,Hispanic,100
BATTERY WITH SEXUAL CONTACT,Female,Other,100
"BUNCO, GRAND THEFT",Female,Black,99
OTHER ASSAULT,Female,White,99
THEFT OF IDENTITY,Male,Korean,99
SHOPLIFTING - PETTY THEFT ($950 & UNDER),Female,Other,98
SEXUAL PENETRATION W/FOREIGN OBJECT,Female,White,98
ASSAULT WITH DEADLY WEAPON ON POLICE OFFICER,Male,Hispanic,97
"BURGLARY FROM VEHICLE, ATTEMPTED",Male,White,96
THEFT FROM MOTOR VEHICLE - GRAND ($400 AND OVER),Female,Other Asian,96
"RAPE, ATTEMPTED",Female,Hispanic,95
"BURGLARY, ATTEMPTED",Unknown,Unknown,95
"SEX,UNLAWFUL(INC MUTUAL CONSENT, PENETRATION W/ FRGN OBJ",Female,Black,95
ATTEMPTED ROBBERY,Female,Black,94
LEWD CONDUCT,Female,Hispanic,94
CHILD ANNOYING (17YRS & UNDER),Male,Hispanic,94
"DEFRAUDING INNKEEPER/THEFT OF SERVICES, $400 & UNDER",Male,White,94
THROWING OBJECT AT MOVING VEHICLE,Male,Hispanic,93
OTHER ASSAULT,Female,Black,93
OTHER ASSAULT,Male,White,92
INDECENT EXPOSURE,Female,White,92
VIOLATION OF COURT ORDER,Male,Unknown,91
"EMBEZZLEMENT, GRAND THEFT ($950.01 & OVER)",Male,Other,91
THREATENING PHONE CALLS/LETTERS,Male,White,91
VIOLATION OF TEMPORARY RESTRAINING ORDER,Female,Hispanic,91
SHOTS FIRED AT INHABITED DWELLING,Female,Black,91
UNAUTHORIZED COMPUTER ACCESS,Female,White,90
DISTURBING THE PEACE,Male,Hispanic,90
BURGLARY FROM VEHICLE,Female,Korean,88
CHILD STEALING,Male,Hispanic,87
"ASSAULT WITH DEADLY WEAPON, AGGRAVATED ASSAULT",Male,Unknown,86
"DEFRAUDING INNKEEPER/THEFT OF SERVICES, $400 & UNDER",Male,Other,86
BATTERY WITH SEXUAL CONTACT,Male,Hispanic,86
CHILD ABUSE (PHYSICAL) - AGGRAVATED ASSAULT,Male,Hispanic,84
EXTORTION,Female,Hispanic,84
BURGLARY,Female,Korean,84
ASSAULT WITH DEADLY WEAPON ON POLICE OFFICER,Male,White,84
OTHER MISCELLANEOUS CRIME,Female,Other,84
"BUNCO, PETTY THEFT",Male,Other,83
STALKING,Female,White,83
CRM AGNST CHLD (13 OR UNDER) (14-15 & SUSP 10 YRS OLDER),Female,White,82
"BUNCO, GRAND THEFT",Male,Black,82
"ASSAULT WITH DEADLY WEAPON, AGGRAVATED ASSAULT",Unknown,Unknown,81
CHILD ABUSE (PHYSICAL) - AGGRAVATED ASSAULT,Female,Hispanic,81
THREATENING PHONE CALLS/LETTERS,Male,Hispanic,81
DOCUMENT FORGERY / STOLEN FELONY,Male,Unknown,80
"BUNCO, GRAND THEFT",Female,Other,80
"THEFT, PERSON",Female,Other Asian,80
CHILD ABUSE (PHYSICAL) - SIMPLE ASSAULT,Male,White,79
KIDNAPPING,Female,Black,78
SEXUAL PENETRATION W/FOREIGN OBJECT,Female,Black,78
CONTEMPT OF COURT,Male,Hispanic,78
"DEFRAUDING INNKEEPER/THEFT OF SERVICES, $400 & UNDER",Unknown,Unknown,78
CRIMINAL THREATS - NO WEAPON DISPLAYED,Female,Other Asian,77
THEFT PLAIN - ATTEMPT,Male,Hispanic,77
OTHER ASSAULT,Male,Black,77
KIDNAPPING - GRAND ATTEMPT,Female,Hispanic,77
ORAL COPULATION,Female,Black,76
ORAL COPULATION,Female,White,75
"BUNCO, PETTY THEFT",Female,Black,75
DOCUMENT FORGERY / STOLEN FELONY,Female,Other Asian,75
THEFT FROM MOTOR VEHICLE - PETTY ($950 & UNDER),Unknown,Unknown,74
INTIMATE PARTNER - AGGRAVATED ASSAULT,Female,Other,74
ARSON,Female,Hispanic,74
EXTORTION,Male,White,73
CRIMINAL THREATS - NO WEAPON DISPLAYED,Male,Other Asian,73
PEEPING TOM,Female,Hispanic,73
BURGLARY,Male,Korean,73
PEEPING TOM,Female,White,73
CRIMINAL THREATS - NO WEAPON DISPLAYED,Unknown,Unknown,72
BATTERY - SIMPLE ASSAULT,Female,Korean,72
VIOLATION OF RESTRAINING ORDER,Male,Other,71
INTIMATE PARTNER - SIMPLE ASSAULT,Male,Other Asian,70
"EMBEZZLEMENT, GRAND THEFT ($950.01 & OVER)",Male,Hispanic,70
THEFT PLAIN - PETTY ($950 & UNDER),Male,Korean,70
INDECENT EXPOSURE,Female,Black,68
CONTEMPT OF COURT,Female,Black,68
CHILD ANNOYING (17YRS & UNDER),Female,White,68
BIKE - STOLEN,Female,Other,68
BIKE - STOLEN,Female,Black,67
THEFT PLAIN - PETTY ($950 & UNDER),Female,Korean,67
THREATENING PHONE CALLS/LETTERS,Female,Black,66
BURGLARY FROM VEHICLE,Male,Unknown,63
CHILD ABUSE (PHYSICAL) - SIMPLE ASSAULT,Female,White,62
FALSE IMPRISONMENT,Female,Hispanic,62
"SEX,UNLAWFUL(INC MUTUAL CONSENT, PENETRATION W/ FRGN OBJ",Female,White,60
THEFT OF IDENTITY,Male,Unknown,59
RESISTING ARREST,Unknown,Unknown,59
SODOMY/SEXUAL CONTACT B/W PENIS OF ONE PERS TO ANUS OTH,Female,Hispanic,59
"SEX,UNLAWFUL(INC MUTUAL CONSENT, PENETRATION W/ FRGN OBJ",Male,Hispanic,59
SODOMY/SEXUAL CONTACT B/W PENIS OF ONE PERS TO ANUS OTH,Male,Hispanic,58
INTIMATE PARTNER - SIMPLE ASSAULT,Female,Korean,58
LEWD CONDUCT,Female,White,58
PIMPING,Female,Black,58
DISTURBING THE PEACE,Female,Black,57
"LETTERS, LEWD  -  TELEPHONE CALLS, LEWD",Female,Other Asian,57
VIOLATION OF COURT ORDER,Unknown,Unknown,56
TRESPASSING,Male,Other Asian,56
"BUNCO, PETTY THEFT",Female,Other,56
HUMAN TRAFFICKING - COMMERCIAL SEX ACTS,Female,Black,56
CHILD ABUSE (PHYSICAL) - AGGRAVATED ASSAULT,Male,Black,56
DOCUMENT FORGERY / STOLEN FELONY,Male,Other Asian,56
"BUNCO, PETTY THEFT",Male,Black,56
CONTEMPT OF COURT,Male,White,55
THROWING OBJECT AT MOVING VEHICLE,Female,Hispanic,55
SEX OFFENDER REGISTRANT OUT OF COMPLIANCE,Male,White,55
"BURGLARY FROM VEHICLE, ATTEMPTED",Female,White,55
CHILD NEGLECT (SEE 300 W.I.C.),Female,White,54
OTHER ASSAULT,Male,Other,54
SHOPLIFTING-GRAND THEFT ($950.01 & OVER),Female,White,54
BIKE - STOLEN,Female,Other Asian,53
SHOPLIFTING - PETTY THEFT ($950 & UNDER),Male,Other Asian,53
BATTERY WITH SEXUAL CONTACT,Female,Other Asian,52
BATTERY - SIMPLE ASSAULT,Male,Unknown,52
THROWING OBJECT AT MOVING VEHICLE,Male,White,52
SEX OFFENDER REGISTRANT OUT OF COMPLIANCE,Male,Other,52
DISTURBING THE PEACE,Male,Other,51
CHILD ABUSE (PHYSICAL) - AGGRAVATED ASSAULT,Female,Black,51
THEFT PLAIN - ATTEMPT,Male,White,51
ATTEMPTED ROBBERY,Unknown,Unknown,51
UNAUTHORIZED COMPUTER ACCESS,Male,White,51
PROWLER,Female,White,50
"BUNCO, GRAND THEFT",Female,Other Asian,50
SHOTS FIRED AT INHABITED DWELLING,Male,Black,48
THEFT FROM MOTOR VEHICLE - ATTEMPT,Male,Hispanic,48
"THEFT-GRAND ($950.01 & OVER)EXCPT,GUNS,FOWL,LIVESTK,PROD",Female,Korean,47
KIDNAPPING,Male,Hispanic,47
EXTORTION,Male,Other,47
ARSON,Male,Black,46
CRUELTY TO ANIMALS,Male,Other,46
ASSAULT WITH DEADLY WEAPON ON POLICE OFFICER,Male,Other,46
"DEFRAUDING INNKEEPER/THEFT OF SERVICES, $400 & UNDER",Male,Hispanic,46
"CREDIT CARDS, FRAUD USE ($950.01 & OVER)",Male,White,46
INDECENT EXPOSURE,Male,Hispanic,46
VEHICLE - ATTEMPT STOLEN,Male,Other,45
"ASSAULT WITH DEADLY WEAPON, AGGRAVATED ASSAULT",Female,Other Asian,45
BATTERY - SIMPLE ASSAULT,Unknown,Unknown,45
"THEFT-GRAND ($950.01 & OVER)EXCPT,GUNS,FOWL,LIVESTK,PROD",Male,Korean,45
BATTERY POLICE (SIMPLE),Female,Hispanic,45
VEHICLE - ATTEMPT STOLEN,Female,White,45
ARSON,Female,Black,45
DISTURBING THE PEACE,Male,Black,44
BATTERY - SIMPLE ASSAULT,Female,Unknown,44
"VANDALISM - FELONY ($400 & OVER, ALL CHURCH VANDALISMS)",Male,Korean,44
SHOPLIFTING-GRAND THEFT ($950.01 & OVER),Female,Hispanic,44
ROBBERY,Female,Korean,44
DISCHARGE FIREARMS/SHOTS FIRED,Male,Black,43
"BURGLARY, ATTEMPTED",Female,Other Asian,42
ARSON,Unknown,Unknown,42
"BURGLARY, ATTEMPTED",Male,Other Asian,42
"RAPE, ATTEMPTED",Female,White,42
EXTORTION,Female,White,42
VIOLATION OF COURT ORDER,Female,Other Asian,42
"BUNCO, GRAND THEFT",Unknown,Unknown,42
ROBBERY,Male,Korean,41
CHILD NEGLECT (SEE 300 W.I.C.),Male,White,41
THEFT FROM MOTOR VEHICLE - GRAND ($400 AND OVER),Unknown,Unknown,41
CONTEMPT OF COURT,Female,Other,41
VIOLATION OF TEMPORARY RESTRAINING ORDER,Female,White,41
CRM AGNST CHLD (13 OR UNDER) (14-15 & SUSP 10 YRS OLDER),Male,Black,40
CHILD STEALING,Male,Black,40
"EMBEZZLEMENT, GRAND THEFT ($950.01 & OVER)",Male,Unknown,40
VEHICLE - ATTEMPT STOLEN,Male,Black,40
BOMB SCARE,Male,White,39
DISCHARGE FIREARMS/SHOTS FIRED,Female,Hispanic,39
ARSON,Male,Unknown,39
"RAPE, FORCIBLE",Female,Other Asian,39
CRIMINAL HOMICIDE,Male,White,38
ARSON,Female,White,38
ORAL COPULATION,Male,Hispanic,38
CRUELTY TO ANIMALS,Male,White,38
VEHICLE - STOLEN,Male,Hispanic,38
RESISTING ARREST,Male,Unknown,38
CHILD ABUSE (PHYSICAL) - SIMPLE ASSAULT,Female,Other,37
THREATENING PHONE CALLS/LETTERS,Female,Other,37
STALKING,Female,Black,37
"EMBEZZLEMENT, GRAND THEFT ($950.01 & OVER)",Female,White,37
CHILD STEALING,Female,Hispanic,37
"BURGLARY FROM VEHICLE, ATTEMPTED",Male,Other,37
THEFT PLAIN - ATTEMPT,Female,White,36
BATTERY POLICE (SIMPLE),Male,Black,36
BOMB SCARE,Male,Other,36
ATTEMPTED ROBBERY,Female,Other,36
PROWLER,Male,White,36
THEFT PLAIN - PETTY ($950 & UNDER),Female,Filipino,36
THEFT FROM MOTOR VEHICLE - ATTEMPT,Female,Hispanic,36
COUNTERFEIT,Male,White,35
BATTERY ON A FIREFIGHTER,Male,White,35
PURSE SNATCHING,Female,Black,35
CRIMINAL THREATS - NO WEAPON DISPLAYED,Male,Unknown,35
INTIMATE PARTNER - AGGRAVATED ASSAULT,Male,Other,35
BOMB SCARE,Unknown,Unknown,35
LEWD/LASCIVIOUS ACTS WITH CHILD,Female,Hispanic,34
DISCHARGE FIREARMS/SHOTS FIRED,Male,Unknown,34
FALSE IMPRISONMENT,Female,Black,34
SODOMY/SEXUAL CONTACT B/W PENIS OF ONE PERS TO ANUS OTH,Female,White,34
VIOLATION OF RESTRAINING ORDER,Female,Other Asian,34
BRANDISH WEAPON,Female,Other,34
PICKPOCKET,Female,White,34
PROWLER,Female,Hispanic,34
THEFT PLAIN - PETTY ($950 & UNDER),Female,Unknown,34
BATTERY WITH SEXUAL CONTACT,Male,White,33
"ASSAULT WITH DEADLY WEAPON, AGGRAVATED ASSAULT",Male,Korean,33
THEFT PLAIN - ATTEMPT,Male,Other,33
CRUELTY TO ANIMALS,Male,Unknown,32
BATTERY POLICE (SIMPLE),Male,Unknown,32
"RAPE, ATTEMPTED",Female,Black,32
"BUNCO, ATTEMPT",Female,White,32
THEFT PLAIN - ATTEMPT,Female,Hispanic,32
"VANDALISM - FELONY ($400 & OVER, ALL CHURCH VANDALISMS)",Female,Korean,32
"BURGLARY FROM VEHICLE, ATTEMPTED",Female,Black,32
INDECENT EXPOSURE,Female,Other,32
OTHER ASSAULT,Female,Other,32
CHILD STEALING,Female,Black,32
PICKPOCKET,Female,Hispanic,31
"BURGLARY, ATTEMPTED",Male,Unknown,31
RESISTING ARREST,Male,Black,31
CRIMINAL THREATS - NO WEAPON DISPLAYED,Male,Korean,31
FAILURE TO YIELD,Unknown,Unknown,31
BURGLARY FROM VEHICLE,Male,Filipino,31
CRM AGNST CHLD (13 OR UNDER) (14-15 & SUSP 10 YRS OLDER),Female,Other,31
SODOMY/SEXUAL CONTACT B/W PENIS OF ONE PERS TO ANUS OTH,Male,Black,31
KIDNAPPING,Female,White,30
SHOTS FIRED AT INHABITED DWELLING,Male,White,30
"THEFT, PERSON",Male,Other Asian,30
THEFT FROM MOTOR VEHICLE - ATTEMPT,Female,White,30
CHILD ANNOYING (17YRS & UNDER),Male,White,30
ATTEMPTED ROBBERY,Male,Other Asian,30
"BUNCO, ATTEMPT",Female,Hispanic,30
CONTEMPT OF COURT,Male,Black,30
TRESPASSING,Female,Other Asian,29
LEWD CONDUCT,Female,Black,29
UNAUTHORIZED COMPUTER ACCESS,Female,Hispanic,29
"CREDIT CARDS, FRAUD USE ($950.01 & OVER)",Female,White,29
CRIMINAL HOMICIDE,Female,Hispanic,29
THROWING OBJECT AT MOVING VEHICLE,Female,Black,28
THEFT OF IDENTITY,Female,Filipino,28
CHILD ANNOYING (17YRS & UNDER),Female,Other,28
BATTERY POLICE (SIMPLE),Female,White,28
ILLEGAL DUMPING,Male,White,28
DISTURBING THE PEACE,Female,Other,28
THEFT PLAIN - ATTEMPT,Unknown,Unknown,27
CRM AGNST CHLD (13 OR UNDER) (14-15 & SUSP 10 YRS OLDER),Male,White,27
SODOMY/SEXUAL CONTACT B/W PENIS OF ONE PERS TO ANUS OTH,Male,White,27
"DEFRAUDING INNKEEPER/THEFT OF SERVICES, $400 & UNDER",Female,Hispanic,27
COUNTERFEIT,Male,Hispanic,27
THEFT FROM MOTOR VEHICLE - ATTEMPT,Male,White,27
COUNTERFEIT,Unknown,Unknown,27
"EMBEZZLEMENT, PETTY THEFT ($950 & UNDER)",Unknown,Unknown,27
PURSE SNATCHING,Female,White,27
COUNTERFEIT,Female,Hispanic,26
"LETTERS, LEWD  -  TELEPHONE CALLS, LEWD",Unknown,Unknown,26
INTIMATE PARTNER - AGGRAVATED ASSAULT,Female,Other Asian,26
OTHER MISCELLANEOUS CRIME,Female,Other Asian,26
SHOTS FIRED AT INHABITED DWELLING,Male,Other,26
PEEPING TOM,Female,Other,26
"BURGLARY FROM VEHICLE, ATTEMPTED",Male,Black,26
SEX OFFENDER REGISTRANT OUT OF COMPLIANCE,Male,Unknown,26
BATTERY WITH SEXUAL CONTACT,Male,Black,25
"BUNCO, GRAND THEFT",Male,Other Asian,25
ORAL COPULATION,Male,Black,25
LEWD CONDUCT,Male,Hispanic,25
"EMBEZZLEMENT, PETTY THEFT ($950 & UNDER)",Male,White,25
"LETTERS, LEWD  -  TELEPHONE CALLS, LEWD",Female,Korean,25
CHILD ABUSE (PHYSICAL) - SIMPLE ASSAULT,Male,Other,25
SEXUAL PENETRATION W/FOREIGN OBJECT,Female,Other,25
SEX OFFENDER REGISTRANT OUT OF COMPLIANCE,Male,Hispanic,25
"BUNCO, PETTY THEFT",Unknown,Unknown,25
THREATENING PHONE CALLS/LETTERS,Male,Other,25
VEHICLE - ATTEMPT STOLEN,Female,Black,25
BURGLARY,Female,Unknown,25
PICKPOCKET,Male,White,24
BATTERY POLICE (SIMPLE),Male,Other Asian,24
THEFT FROM MOTOR VEHICLE - GRAND ($400 AND OVER),Male,Korean,24
THEFT PLAIN - PETTY ($950 & UNDER),Male,American Indian/Alaskan Native,24
SEXUAL PENETRATION W/FOREIGN OBJECT,Male,Hispanic,24
THROWING OBJECT AT MOVING VEHICLE,Male,Other,24
BURGLARY FROM VEHICLE,Female,Filipino,24
THEFT FROM MOTOR VEHICLE - PETTY ($950 & UNDER),Male,Korean,24
THREATENING PHONE CALLS/LETTERS,Male,Black,24
"BURGLARY FROM VEHICLE, ATTEMPTED",Female,Other,24
"EMBEZZLEMENT, GRAND THEFT ($950.01 & OVER)",Female,Other,24
THEFT FROM MOTOR VEHICLE - PETTY ($950 & UNDER),Female,Korean,23
SHOPLIFTING - PETTY THEFT ($950 & UNDER),Female,Other Asian,23
DRIVING WITHOUT OWNER CONSENT (DWOC),Male,Hispanic,23
THEFT FROM PERSON - ATTEMPT,Female,Hispanic,23
CHILD ANNOYING (17YRS & UNDER),Male,Black,23
CRUELTY TO ANIMALS,Male,Hispanic,23
CRIMINAL HOMICIDE,Female,Black,23
"SHOTS FIRED AT MOVING VEHICLE, TRAIN OR AIRCRAFT",Male,Hispanic,23
STALKING,Female,Other,23
INDECENT EXPOSURE,Male,Black,23
OTHER MISCELLANEOUS CRIME,Male,Other Asian,23
COUNTERFEIT,Male,Other,23
THEFT FROM MOTOR VEHICLE - GRAND ($400 AND OVER),Male,Unknown,23
KIDNAPPING,Male,Black,22
"CREDIT CARDS, FRAUD USE ($950.01 & OVER)",Male,Hispanic,22
THROWING OBJECT AT MOVING VEHICLE,Female,White,22
KIDNAPPING - GRAND ATTEMPT,Female,Black,22
VEHICLE - STOLEN,Male,Other,22
KIDNAPPING - GRAND ATTEMPT,Female,White,22
THEFT OF IDENTITY,Male,Filipino,22
"THEFT-GRAND ($950.01 & OVER)EXCPT,GUNS,FOWL,LIVESTK,PROD",Female,Unknown,21
THEFT FROM MOTOR VEHICLE - PETTY ($950 & UNDER),Male,Unknown,21
STALKING,Male,White,21
INDECENT EXPOSURE,Male,White,21
"ASSAULT WITH DEADLY WEAPON, AGGRAVATED ASSAULT",Female,Unknown,21
CRUELTY TO ANIMALS,Female,Hispanic,21
VANDALISM - MISDEAMEANOR ($399 OR UNDER),Male,Korean,21
THEFT PLAIN - ATTEMPT,Male,Black,21
ORAL COPULATION,Male,White,21
BOMB SCARE,Male,Hispanic,21
DOCUMENT FORGERY / STOLEN FELONY,Male,Korean,21
"EMBEZZLEMENT, GRAND THEFT ($950.01 & OVER)",Female,Black,21
THEFT OF IDENTITY,Female,Unknown,20
THEFT PLAIN - PETTY ($950 & UNDER),Female,Chinese,20
BURGLARY FROM VEHICLE,Female,Unknown,20
THEFT FROM MOTOR VEHICLE - ATTEMPT,Female,Black,20
CRUELTY TO ANIMALS,Female,White,20
PICKPOCKET,Male,Hispanic,20
ATTEMPTED ROBBERY,Female,Other Asian,20
BRANDISH WEAPON,Unknown,Unknown,20
"LETTERS, LEWD  -  TELEPHONE CALLS, LEWD",Male,Other Asian,20
"VANDALISM - FELONY ($400 & OVER, ALL CHURCH VANDALISMS)",Female,Unknown,20
VIOLATION OF TEMPORARY RESTRAINING ORDER,Female,Black,20
"THEFT-GRAND ($950.01 & OVER)EXCPT,GUNS,FOWL,LIVESTK,PROD",Female,Filipino,19
DISCHARGE FIREARMS/SHOTS FIRED,Female,White,19
BATTERY - SIMPLE ASSAULT,Female,Filipino,19
SHOPLIFTING-GRAND THEFT ($950.01 & OVER),Male,Black,19
"SEX,UNLAWFUL(INC MUTUAL CONSENT, PENETRATION W/ FRGN OBJ",Male,Black,19
VEHICLE - STOLEN,Female,Hispanic,19
CHILD STEALING,Male,White,19
BIKE - STOLEN,Male,American Indian/Alaskan Native,19
BIKE - STOLEN,Unknown,Unknown,19
VANDALISM - MISDEAMEANOR ($399 OR UNDER),Female,Unknown,19
VIOLATION OF TEMPORARY RESTRAINING ORDER,Male,Hispanic,19
"DEFRAUDING INNKEEPER/THEFT OF SERVICES, $400 & UNDER",Male,Black,19
CHILD NEGLECT (SEE 300 W.I.C.),Female,Other,19
ASSAULT WITH DEADLY WEAPON ON POLICE OFFICER,Unknown,Unknown,18
UNAUTHORIZED COMPUTER ACCESS,Male,Hispanic,18
"BUNCO, PETTY THEFT",Female,Other Asian,18
RECKLESS DRIVING,Male,White,18
SODOMY/SEXUAL CONTACT B/W PENIS OF ONE PERS TO ANUS OTH,Female,Black,18
BRANDISH WEAPON,Male,Other Asian,18
PURSE SNATCHING,Female,Other,18
CRUELTY TO ANIMALS,Unknown,Unknown,18
BOMB SCARE,Female,Hispanic,18
PEEPING TOM,Female,Black,18
EXTORTION,Male,Black,18
FAILURE TO YIELD,Male,Other,18
BURGLARY FROM VEHICLE,Male,Chinese,18
ASSAULT WITH DEADLY WEAPON ON POLICE OFFICER,Male,Unknown,17
KIDNAPPING - GRAND ATTEMPT,Male,Hispanic,17
VIOLATION OF TEMPORARY RESTRAINING ORDER,Male,White,17
PANDERING,Female,Black,17
BOMB SCARE,Female,White,17
FALSE IMPRISONMENT,Male,Hispanic,17
"BUNCO, ATTEMPT",Male,Hispanic,17
ILLEGAL DUMPING,Male,Hispanic,17
SHOTS FIRED AT INHABITED DWELLING,Female,White,17
PROWLER,Female,Black,17
RESISTING ARREST,Female,Hispanic,17
INTIMATE PARTNER - SIMPLE ASSAULT,Female,Unknown,17
KIDNAPPING,Female,Other,17
FALSE IMPRISONMENT,Female,White,17
FAILURE TO YIELD,Male,White,17
THEFT FROM MOTOR VEHICLE - GRAND ($400 AND OVER),Female,Korean,16
INTIMATE PARTNER - SIMPLE ASSAULT,Male,Korean,16
DISCHARGE FIREARMS/SHOTS FIRED,Female,Black,16
SEX OFFENDER REGISTRANT OUT OF COMPLIANCE,Male,Black,16
ASSAULT WITH DEADLY WEAPON ON POLICE OFFICER,Male,Black,16
ILLEGAL DUMPING,Female,White,16
"RAPE, ATTEMPTED",Female,Other,16
CRIMINAL THREATS - NO WEAPON DISPLAYED,Female,Korean,16
FALSE POLICE REPORT,Unknown,Unknown,16
"CREDIT CARDS, FRAUD USE ($950.01 & OVER)",Female,Hispanic,16
DOCUMENT FORGERY / STOLEN FELONY,Female,Korean,16
"DEFRAUDING INNKEEPER/THEFT OF SERVICES, $400 & UNDER",Male,Other Asian,16
THEFT PLAIN - PETTY ($950 & UNDER),Male,Chinese,15
VEHICLE - ATTEMPT STOLEN,Unknown,Unknown,15
CONTEMPT OF COURT,Male,Other,15
VIOLATION OF TEMPORARY RESTRAINING ORDER,Female,Other,15
CHILD ABUSE (PHYSICAL) - AGGRAVATED ASSAULT,Male,White,15
THEFT FROM MOTOR VEHICLE - ATTEMPT,Male,Black,15
ATTEMPTED ROBBERY,Male,Unknown,15
"EMBEZZLEMENT, GRAND THEFT ($950.01 & OVER)",Male,Black,15
"EMBEZZLEMENT, PETTY THEFT ($950 & UNDER)",Male,Other,15
BURGLARY,Female,Filipino,15
FALSE POLICE REPORT,Male,White,15
"VANDALISM - FELONY ($400 & OVER, ALL CHURCH VANDALISMS)",Male,Filipino,14
INDECENT EXPOSURE,Female,Other Asian,14
UNAUTHORIZED COMPUTER ACCESS,Female,Black,14
UNAUTHORIZED COMPUTER ACCESS,Male,Other,14
SHOPLIFTING - ATTEMPT,Unknown,Unknown,14
THREATENING PHONE CALLS/LETTERS,Female,Other Asian,14
PIMPING,Female,Hispanic,14
CRIMINAL HOMICIDE,Male,Other,14
PICKPOCKET,Male,Black,14
BRANDISH WEAPON,Female,Other Asian,14
THEFT PLAIN - PETTY ($950 & UNDER),Male,Filipino,14
"BUNCO, PETTY THEFT",Male,Other Asian,14
"THEFT, COIN MACHINE - PETTY ($950 & UNDER)",Male,Other,14
BATTERY POLICE (SIMPLE),Female,Other,14
SEXUAL PENETRATION W/FOREIGN OBJECT,Male,Black,14
PROWLER,Male,Other,14
"THEFT, COIN MACHINE - PETTY ($950 & UNDER)",Male,White,14
"DEFRAUDING INNKEEPER/THEFT OF SERVICES, $400 & UNDER",Male,Unknown,14
CHILD NEGLECT (SEE 300 W.I.C.),Male,Other,14
LEWD CONDUCT,Male,White,14
CONTRIBUTING,Female,Hispanic,14
CRIMINAL THREATS - NO WEAPON DISPLAYED,Female,Unknown,14
"BUNCO, ATTEMPT",Male,White,14
BURGLARY FROM VEHICLE,Female,Chinese,14
CHILD STEALING,Female,White,13
PROWLER,Unknown,Unknown,13
THROWING OBJECT AT MOVING VEHICLE,Male,Black,13
PANDERING,Female,Hispanic,13
OTHER MISCELLANEOUS CRIME,Female,Unknown,13
SEXUAL PENETRATION W/FOREIGN OBJECT,Male,White,13
EXTORTION,Female,Black,13
UNAUTHORIZED COMPUTER ACCESS,Unknown,Unknown,13
SHOTS FIRED AT INHABITED DWELLING,Unknown,Unknown,13
ARSON,Female,Other,13
VIOLATION OF RESTRAINING ORDER,Male,Other Asian,13
"CREDIT CARDS, FRAUD USE ($950.01 & OVER)",Unknown,Unknown,12
"THEFT, PERSON",Female,Korean,12
STALKING,Male,Black,12
BURGLARY,Male,Filipino,12
COUNTERFEIT,Male,Unknown,12
FALSE POLICE REPORT,Male,Hispanic,12
FALSE POLICE REPORT,Male,Other,12
"BURGLARY FROM VEHICLE, ATTEMPTED",Male,Other Asian,12
CRIMINAL HOMICIDE,Female,White,12
VIOLATION OF RESTRAINING ORDER,Unknown,Unknown,12
"BUNCO, ATTEMPT",Female,Black,12
THEFT FROM MOTOR VEHICLE - PETTY ($950 & UNDER),Female,Filipino,12
LEWD CONDUCT,Male,Black,12
DRIVING WITHOUT OWNER CONSENT (DWOC),Male,Other,12
TRESPASSING,Male,Korean,12
DOCUMENT WORTHLESS ($200.01 & OVER),Male,White,12
ORAL COPULATION,Female,Other,12
DOCUMENT WORTHLESS ($200.01 & OVER),Female,White,12
ASSAULT WITH DEADLY WEAPON ON POLICE OFFICER,Female,Hispanic,12
BATTERY - SIMPLE ASSAULT,Male,Filipino,12
EXTORTION,Male,Other Asian,12
THEFT PLAIN - ATTEMPT,Female,Black,12
INDECENT EXPOSURE,Male,Other,12
"DEFRAUDING INNKEEPER/THEFT OF SERVICES, $400 & UNDER",Female,White,12
"DEFRAUDING INNKEEPER/THEFT OF SERVICES, $400 & UNDER",Female,Other Asian,12
INTIMATE PARTNER - SIMPLE ASSAULT,Female,Filipino,12
CRUELTY TO ANIMALS,Female,Unknown,12
THEFT FROM MOTOR VEHICLE - PETTY ($950 & UNDER),Male,Filipino,12
SHOPLIFTING-GRAND THEFT ($950.01 & OVER),Female,Other,12
BURGLARY FROM VEHICLE,Male,Japanese,11
"VANDALISM - FELONY ($400 & OVER, ALL CHURCH VANDALISMS)",Female,Filipino,11
BATTERY WITH SEXUAL CONTACT,Female,Korean,11
THEFT FROM MOTOR VEHICLE - ATTEMPT,Male,Other,11
"EMBEZZLEMENT, GRAND THEFT ($950.01 & OVER)",Female,Hispanic,11
HUMAN TRAFFICKING - COMMERCIAL SEX ACTS,Female,Hispanic,11
RESISTING ARREST,Female,White,11
"EMBEZZLEMENT, PETTY THEFT ($950 & UNDER)",Male,Hispanic,11
VANDALISM - MISDEAMEANOR ($399 OR UNDER),Female,Filipino,11
PROWLER,Male,Hispanic,11
UNAUTHORIZED COMPUTER ACCESS,Female,Other,11
VEHICLE - ATTEMPT STOLEN,Female,Other,11
CRM AGNST CHLD (13 OR UNDER) (14-15 & SUSP 10 YRS OLDER),Male,Other,11
"CREDIT CARDS, FRAUD USE ($950.01 & OVER)",Male,Other,11
ROBBERY,Male,Filipino,11
RESISTING ARREST,Male,Other Asian,11
SHOPLIFTING - PETTY THEFT ($950 & UNDER),Female,Unknown,11
CHILD ANNOYING (17YRS & UNDER),Female,Other Asian,11
VEHICLE - STOLEN,Male,Black,11
PANDERING,Female,White,10
PICKPOCKET,Female,Black,10
PICKPOCKET,Female,Other,10
PICKPOCKET,Female,Other Asian,10
"THEFT, PERSON",Unknown,Unknown,10
PICKPOCKET,Male,Other,10
SEXUAL PENETRATION W/FOREIGN OBJECT,Female,Other Asian,10
ROBBERY,Female,Unknown,10
UNAUTHORIZED COMPUTER ACCESS,Female,Other Asian,10
KIDNAPPING,Male,Other,10
"SEX,UNLAWFUL(INC MUTUAL CONSENT, PENETRATION W/ FRGN OBJ",Male,White,10
PURSE SNATCHING,Female,Other Asian,10
SHOPLIFTING-GRAND THEFT ($950.01 & OVER),Female,Black,10
"LETTERS, LEWD  -  TELEPHONE CALLS, LEWD",Male,Unknown,10
RECKLESS DRIVING,Male,Hispanic,10
RECKLESS DRIVING,Unknown,Unknown,10
PURSE SNATCHING,Male,Hispanic,10
WEAPONS POSSESSION/BOMBING,Male,White,10
CHILD ABUSE (PHYSICAL) - AGGRAVATED ASSAULT,Female,White,10
DRIVING WITHOUT OWNER CONSENT (DWOC),Unknown,Unknown,10
"CREDIT CARDS, FRAUD USE ($950 & UNDER",Female,White,10
VIOLATION OF TEMPORARY RESTRAINING ORDER,Male,Other,10
ASSAULT WITH DEADLY WEAPON ON POLICE OFFICER,Female,White,10
VIOLATION OF TEMPORARY RESTRAINING ORDER,Male,Black,10
FAILURE TO YIELD,Male,Hispanic,10
EXTORTION,Female,Other,10
BIKE - STOLEN,Male,Unknown,10
BURGLARY,Male,American Indian/Alaskan Native,10
"DEFRAUDING INNKEEPER/THEFT OF SERVICES, OVER $400",Unknown,Unknown,10
VEHICLE - ATTEMPT STOLEN,Male,Other Asian,10
CHILD PORNOGRAPHY,Male,Hispanic,10
"DEFRAUDING INNKEEPER/THEFT OF SERVICES, OVER $400",Male,White,10
"DEFRAUDING INNKEEPER/THEFT OF SERVICES, OVER $400",Male,Other,10
DRIVING WITHOUT OWNER CONSENT (DWOC),Female,Hispanic,10
DOCUMENT WORTHLESS ($200.01 & OVER),Female,Hispanic,10
DRIVING WITHOUT OWNER CONSENT (DWOC),Male,White,9
VEHICLE - STOLEN,Male,White,9
"BUNCO, PETTY THEFT",Male,Unknown,9
"DEFRAUDING INNKEEPER/THEFT OF SERVICES, $400 & UNDER",Female,Other,9
FALSE IMPRISONMENT,Male,White,9
FALSE IMPRISONMENT,Male,Black,9
THEFT FROM PERSON - ATTEMPT,Male,Hispanic,9
CHILD ABUSE (PHYSICAL) - SIMPLE ASSAULT,Female,Other Asian,9
VIOLATION OF RESTRAINING ORDER,Male,Unknown,9
KIDNAPPING,Female,Unknown,9
DISTURBING THE PEACE,Male,Other Asian,9
SHOPLIFTING-GRAND THEFT ($950.01 & OVER),Female,Other Asian,9
EXTORTION,Female,Other Asian,9
CHILD ABUSE (PHYSICAL) - SIMPLE ASSAULT,Male,Other Asian,9
THROWING OBJECT AT MOVING VEHICLE,Female,Other,9
PIMPING,Female,White,9
OTHER ASSAULT,Female,Other Asian,9
CRM AGNST CHLD (13 OR UNDER) (14-15 & SUSP 10 YRS OLDER),Female,Other Asian,9
BOMB SCARE,Male,Unknown,9
"CREDIT CARDS, FRAUD USE ($950 & UNDER",Female,Black,9
INTIMATE PARTNER - AGGRAVATED ASSAULT,Female,Korean,9
VIOLATION OF COURT ORDER,Male,Other Asian,9
CHILD PORNOGRAPHY,Female,Hispanic,9
BRANDISH WEAPON,Male,Unknown,9
PEEPING TOM,Female,Other Asian,8
BOMB SCARE,Female,Black,8
SHOPLIFTING - ATTEMPT,Male,Other,8
CONTEMPT OF COURT,Female,Other Asian,8
THEFT FROM MOTOR VEHICLE - PETTY ($950 & UNDER),Male,Chinese,8
BATTERY - SIMPLE ASSAULT,Male,American Indian/Alaskan Native,8
CHILD ANNOYING (17YRS & UNDER),Male,Other,8
"SEX,UNLAWFUL(INC MUTUAL CONSENT, PENETRATION W/ FRGN OBJ",Female,Other,8
"EMBEZZLEMENT, GRAND THEFT ($950.01 & OVER)",Male,Other Asian,8
RECKLESS DRIVING,Male,Other,8
VANDALISM - MISDEAMEANOR ($399 OR UNDER),Female,Korean,8
SHOTS FIRED AT INHABITED DWELLING,Female,Other,8
THEFT FROM MOTOR VEHICLE - ATTEMPT,Female,Other,8
DISTURBING THE PEACE,Unknown,Unknown,8
LEWD CONDUCT,Female,Other,8
CRIMINAL THREATS - NO WEAPON DISPLAYED,Male,Filipino,8
ILLEGAL DUMPING,Male,Other,8
THEFT FROM MOTOR VEHICLE - GRAND ($400 AND OVER),Male,Filipino,8
THEFT FROM MOTOR VEHICLE - GRAND ($400 AND OVER),Male,Chinese,8
BATTERY WITH SEXUAL CONTACT,Male,Other,8
CRUELTY TO ANIMALS,Female,Other,8
PROWLER,Female,Other,8
"SHOTS FIRED AT MOVING VEHICLE, TRAIN OR AIRCRAFT",Male,Other,8
"BUNCO, ATTEMPT",Male,Other,8
ILLEGAL DUMPING,Unknown,Unknown,8
"BUNCO, ATTEMPT",Unknown,Unknown,8
VIOLATION OF TEMPORARY RESTRAINING ORDER,Female,Other Asian,8
"EMBEZZLEMENT, PETTY THEFT ($950 & UNDER)",Female,Other,8
BURGLARY FROM VEHICLE,Male,American Indian/Alaskan Native,8
FALSE POLICE REPORT,Female,Hispanic,8
INTIMATE PARTNER - SIMPLE ASSAULT,Male,Unknown,8
INTIMATE PARTNER - SIMPLE ASSAULT,Unknown,Unknown,8
"CREDIT CARDS, FRAUD USE ($950 & UNDER",Male,Hispanic,8
"CREDIT CARDS, FRAUD USE ($950 & UNDER",Male,Black,8
ATTEMPTED ROBBERY,Male,Korean,8
COUNTERFEIT,Female,Other,8
HUMAN TRAFFICKING - COMMERCIAL SEX ACTS,Female,Other,8
"THEFT-GRAND ($950.01 & OVER)EXCPT,GUNS,FOWL,LIVESTK,PROD",Male,Filipino,8
FALSE POLICE REPORT,Female,Black,8
VANDALISM - MISDEAMEANOR ($399 OR UNDER),Male,Filipino,8
INTIMATE PARTNER - AGGRAVATED ASSAULT,Male,Other Asian,8
COUNTERFEIT,Female,White,8
VIOLATION OF RESTRAINING ORDER,Female,Korean,8
KIDNAPPING,Male,White,8
DOCUMENT WORTHLESS ($200.01 & OVER),Male,Hispanic,7
SHOTS FIRED AT INHABITED DWELLING,Male,Unknown,7
DOCUMENT WORTHLESS ($200.01 & OVER),Unknown,Unknown,7
DOCUMENT WORTHLESS ($200.01 & OVER),Female,Black,7
COUNTERFEIT,Female,Black,7
"THEFT, COIN MACHINE - PETTY ($950 & UNDER)",Unknown,Unknown,7
UNAUTHORIZED COMPUTER ACCESS,Male,Unknown,7
THEFT OF IDENTITY,Male,Chinese,7
CRUELTY TO ANIMALS,Female,Black,7
"BUNCO, GRAND THEFT",Male,Unknown,7
DOCUMENT WORTHLESS ($200.01 & OVER),Male,Other,7
WEAPONS POSSESSION/BOMBING,Female,White,7
DISHONEST EMPLOYEE - GRAND THEFT,Male,White,7
"SHOTS FIRED AT MOVING VEHICLE, TRAIN OR AIRCRAFT",Male,Black,7
ARSON,Male,Other Asian,7
ILLEGAL DUMPING,Male,Unknown,7
BATTERY ON A FIREFIGHTER,Male,Other,7
BURGLARY,Female,Hawaiian,7
PANDERING,Female,Unknown,7
STALKING,Male,Hispanic,7
SHOPLIFTING - ATTEMPT,Male,Hispanic,7
CHILD NEGLECT (SEE 300 W.I.C.),Male,Other Asian,7
OTHER ASSAULT,Male,Other Asian,7
DOCUMENT FORGERY / STOLEN FELONY,Male,Chinese,7
EXTORTION,Unknown,Unknown,7
HUMAN TRAFFICKING - INVOLUNTARY SERVITUDE,Female,Black,7
"LETTERS, LEWD  -  TELEPHONE CALLS, LEWD",Female,Unknown,7
FALSE IMPRISONMENT,Female,Other,7
BIKE - STOLEN,Female,Unknown,7
"RAPE, FORCIBLE",Male,Hispanic,7
KIDNAPPING - GRAND ATTEMPT,Male,Black,7
CHILD ABUSE (PHYSICAL) - AGGRAVATED ASSAULT,Male,Other,7
BATTERY ON A FIREFIGHTER,Male,Hispanic,7
VEHICLE - STOLEN,Unknown,Unknown,7
ORAL COPULATION,Female,Other Asian,6
SODOMY/SEXUAL CONTACT B/W PENIS OF ONE PERS TO ANUS OTH,Male,Other,6
BURGLARY FROM VEHICLE,Female,Vietnamese,6
PICKPOCKET,Male,Other Asian,6
BURGLARY,Male,Chinese,6
BIKE - STOLEN,Male,Korean,6
"THEFT-GRAND ($950.01 & OVER)EXCPT,GUNS,FOWL,LIVESTK,PROD",Male,Chinese,6
BOMB SCARE,Male,Black,6
DISCHARGE FIREARMS/SHOTS FIRED,Female,Other,6
THROWING OBJECT AT MOVING VEHICLE,Unknown,Unknown,6
BOMB SCARE,Female,Other,6
SHOTS FIRED AT INHABITED DWELLING,Female,Other Asian,6
"CREDIT CARDS, FRAUD USE ($950.01 & OVER)",Female,Other Asian,6
"CREDIT CARDS, FRAUD USE ($950 & UNDER",Female,Other,6
"EMBEZZLEMENT, PETTY THEFT ($950 & UNDER)",Male,Unknown,6
CHILD ABUSE (PHYSICAL) - AGGRAVATED ASSAULT,Female,Other,6
BATTERY - SIMPLE ASSAULT,Female,Chinese,6
THREATENING PHONE CALLS/LETTERS,Male,Other Asian,6
ATTEMPTED ROBBERY,Female,Korean,6
FALSE POLICE REPORT,Female,White,6
"ASSAULT WITH DEADLY WEAPON, AGGRAVATED ASSAULT",Male,Filipino,6
UNAUTHORIZED COMPUTER ACCESS,Male,Black,6
THEFT PLAIN - ATTEMPT,Female,Other,6
HUMAN TRAFFICKING - INVOLUNTARY SERVITUDE,Female,Hispanic,6
"THEFT, PERSON",Male,Korean,6
CONTRIBUTING,Female,White,6
VEHICLE - STOLEN,Female,Black,6
CHILD STEALING,Male,Other,6
"THEFT, COIN MACHINE - PETTY ($950 & UNDER)",Male,Hispanic,6
CHILD PORNOGRAPHY,Female,White,6
"EMBEZZLEMENT, PETTY THEFT ($950 & UNDER)",Female,White,6
"BUNCO, GRAND THEFT",Female,Korean,6
DRIVING WITHOUT OWNER CONSENT (DWOC),Female,Other,6
"DEFRAUDING INNKEEPER/THEFT OF SERVICES, $400 & UNDER",Female,Black,6
LEWD/LASCIVIOUS ACTS WITH CHILD,Female,White,6
"EMBEZZLEMENT, GRAND THEFT ($950.01 & OVER)",Female,Other Asian,6
"SHOTS FIRED AT MOVING VEHICLE, TRAIN OR AIRCRAFT",Female,Hispanic,6
"RAPE, FORCIBLE",Female,Korean,6
BATTERY WITH SEXUAL CONTACT,Female,Unknown,6
CRUELTY TO ANIMALS,Male,Black,6
"RAPE, FORCIBLE",Female,Filipino,6
THEFT OF IDENTITY,Female,Hawaiian,6
"BURGLARY FROM VEHICLE, ATTEMPTED",Male,Unknown,6
BATTERY POLICE (SIMPLE),Female,Black,6
BURGLARY FROM VEHICLE,Male,Pacific Islander,5
PEEPING TOM,Male,White,5
PEEPING TOM,Male,Hispanic,5
VEHICLE - STOLEN,Female,Other,5
SHOPLIFTING - ATTEMPT,Male,White,5
"BUNCO, GRAND THEFT",Male,Korean,5
CHILD STEALING,Female,Other,5
SODOMY/SEXUAL CONTACT B/W PENIS OF ONE PERS TO ANUS OTH,Female,Other,5
PURSE SNATCHING,Female,Korean,5
THEFT FROM MOTOR VEHICLE - GRAND ($400 AND OVER),Female,Chinese,5
THEFT FROM MOTOR VEHICLE - GRAND ($400 AND OVER),Female,Filipino,5
PEEPING TOM,Female,Unknown,5
PROWLER,Male,Black,5
RECKLESS DRIVING,Female,White,5
SHOPLIFTING - PETTY THEFT ($950 & UNDER),Female,Korean,5
"VANDALISM - FELONY ($400 & OVER, ALL CHURCH VANDALISMS)",Female,American Indian/Alaskan Native,5
BURGLARY,Female,American Indian/Alaskan Native,5
ROBBERY,Female,Filipino,5
DISHONEST EMPLOYEE - GRAND THEFT,Male,Other,5
DISHONEST EMPLOYEE - GRAND THEFT,Female,White,5
"BURGLARY FROM VEHICLE, ATTEMPTED",Unknown,Unknown,5
BURGLARY FROM VEHICLE,Female,Pacific Islander,5
"CREDIT CARDS, FRAUD USE ($950.01 & OVER)",Male,Black,5
CHILD ABANDONMENT,Male,Hispanic,5
VEHICLE - ATTEMPT STOLEN,Male,Unknown,5
SHOPLIFTING-GRAND THEFT ($950.01 & OVER),Male,Other Asian,5
THROWING OBJECT AT MOVING VEHICLE,Female,Other Asian,5
CRIMINAL THREATS - NO WEAPON DISPLAYED,Female,Filipino,5
CHILD ABANDONMENT,Male,Black,5
"DEFRAUDING INNKEEPER/THEFT OF SERVICES, $400 & UNDER",Male,Korean,5
CHILD PORNOGRAPHY,Male,White,5
DRUNK ROLL,Male,Hispanic,5
DOCUMENT FORGERY / STOLEN FELONY,Female,Unknown,5
UNAUTHORIZED COMPUTER ACCESS,Male,Other Asian,5
THEFT FROM PERSON - ATTEMPT,Female,Other,5
DOCUMENT WORTHLESS ($200.01 & OVER),Male,Black,5
ILLEGAL DUMPING,Female,Hispanic,5
BIKE - STOLEN,Female,American Indian/Alaskan Native,5
ASSAULT WITH DEADLY WEAPON ON POLICE OFFICER,Female,Other,5
TRESPASSING,Female,Unknown,5
THEFT OF IDENTITY,Female,Japanese,5
BATTERY WITH SEXUAL CONTACT,Male,Other Asian,5
LEWD CONDUCT,Male,Other,5
DRIVING WITHOUT OWNER CONSENT (DWOC),Male,Unknown,5
"DRUGS, TO A MINOR",Female,Hispanic,5
ASSAULT WITH DEADLY WEAPON ON POLICE OFFICER,Male,Other Asian,5
"LETTERS, LEWD  -  TELEPHONE CALLS, LEWD",Male,Korean,5
BATTERY ON A FIREFIGHTER,Male,Black,5
"THEFT-GRAND ($950.01 & OVER)EXCPT,GUNS,FOWL,LIVESTK,PROD",Female,Chinese,5
"EMBEZZLEMENT, PETTY THEFT ($950 & UNDER)",Female,Hispanic,5
"EMBEZZLEMENT, PETTY THEFT ($950 & UNDER)",Male,Black,5
THEFT PLAIN - ATTEMPT,Male,Unknown,5
"VANDALISM - FELONY ($400 & OVER, ALL CHURCH VANDALISMS)",Male,American Indian/Alaskan Native,5
THEFT PLAIN - PETTY ($950 & UNDER),Female,American Indian/Alaskan Native,5
GRAND THEFT / INSURANCE FRAUD,Male,Other,5
FALSE IMPRISONMENT,Male,Other,5
DOCUMENT WORTHLESS ($200 & UNDER),Male,Other,5
FALSE POLICE REPORT,Male,Unknown,5
VIOLATION OF RESTRAINING ORDER,Female,Filipino,5
TILL TAP - PETTY ($950 & UNDER),Unknown,Unknown,5
THEFT FROM MOTOR VEHICLE - GRAND ($400 AND OVER),Female,Unknown,5
THEFT FROM MOTOR VEHICLE - PETTY ($950 & UNDER),Female,Chinese,5
"THEFT, COIN MACHINE - PETTY ($950 & UNDER)",Female,White,5
THEFT FROM MOTOR VEHICLE - PETTY ($950 & UNDER),Female,Unknown,5
WEAPONS POSSESSION/BOMBING,Male,Other,5
DISTURBING THE PEACE,Female,Other Asian,5
PANDERING,Male,Black,5
RECKLESS DRIVING,Female,Hispanic,4
RECKLESS DRIVING,Male,Unknown,4
"EMBEZZLEMENT, PETTY THEFT ($950 & UNDER)",Female,Black,4
THEFT PLAIN - ATTEMPT,Female,Other Asian,4
RECKLESS DRIVING,Male,Black,4
BATTERY - SIMPLE ASSAULT,Unknown,Hispanic,4
"SEX,UNLAWFUL(INC MUTUAL CONSENT, PENETRATION W/ FRGN OBJ",Female,Other Asian,4
CHILD ABANDONMENT,Female,Hispanic,4
PANDERING,Female,Other,4
"BURGLARY, ATTEMPTED",Male,Korean,4
"VANDALISM - FELONY ($400 & OVER, ALL CHURCH VANDALISMS)",Male,Pacific Islander,4
HUMAN TRAFFICKING - COMMERCIAL SEX ACTS,Female,White,4
THEFT OF IDENTITY,Male,Pacific Islander,4
INTIMATE PARTNER - SIMPLE ASSAULT,Female,American Indian/Alaskan Native,4
CHILD ABANDONMENT,Female,Black,4
"ASSAULT WITH DEADLY WEAPON, AGGRAVATED ASSAULT",Female,Korean,4
COUNTERFEIT,Male,Black,4
"CREDIT CARDS, FRAUD USE ($950 & UNDER",Unknown,Unknown,4
THEFT PLAIN - PETTY ($950 & UNDER),Female,Pacific Islander,4
WEAPONS POSSESSION/BOMBING,Female,Hispanic,4
FALSE IMPRISONMENT,Female,Other Asian,4
FAILURE TO YIELD,Male,Unknown,4
"CREDIT CARDS, FRAUD USE ($950 & UNDER",Male,Other Asian,4
BATTERY - SIMPLE ASSAULT,Female,American Indian/Alaskan Native,4
DISHONEST EMPLOYEE - PETTY THEFT,Male,White,4
"BUNCO, ATTEMPT",Male,Black,4
CHILD NEGLECT (SEE 300 W.I.C.),Female,Other Asian,4
"CREDIT CARDS, FRAUD USE ($950.01 & OVER)",Female,Other,4
BATTERY - SIMPLE ASSAULT,Female,Pacific Islander,4
"VANDALISM - FELONY ($400 & OVER, ALL CHURCH VANDALISMS)",Male,Chinese,4
"CREDIT CARDS, FRAUD USE ($950.01 & OVER)",Male,Unknown,4
EXTORTION,Male,Korean,4
CRIMINAL HOMICIDE,Female,Other,4
"BUNCO, ATTEMPT",Female,Other,4
STALKING,Female,Other Asian,4
CONTEMPT OF COURT,Unknown,Unknown,4
CRIMINAL THREATS - NO WEAPON DISPLAYED,Unknown,White,4
ORAL COPULATION,Male,Other Asian,4
PROWLER,Female,Other Asian,4
SODOMY/SEXUAL CONTACT B/W PENIS OF ONE PERS TO ANUS OTH,Male,Unknown,4
ILLEGAL DUMPING,Female,Other,4
INTIMATE PARTNER - AGGRAVATED ASSAULT,Female,Unknown,4
THROWING OBJECT AT MOVING VEHICLE,Male,Other Asian,4
DOCUMENT WORTHLESS ($200.01 & OVER),Female,Other,4
BIKE - ATTEMPTED STOLEN,Male,White,4
"SHOTS FIRED AT MOVING VEHICLE, TRAIN OR AIRCRAFT",Unknown,Unknown,4
THEFT OF IDENTITY,Female,Chinese,4
INTIMATE PARTNER - AGGRAVATED ASSAULT,Unknown,Unknown,4
LYNCHING,Male,White,4
SHOPLIFTING - ATTEMPT,Male,Other Asian,4
DRIVING WITHOUT OWNER CONSENT (DWOC),Female,Black,4
DISRUPT SCHOOL,Male,Unknown,4
LEWD/LASCIVIOUS ACTS WITH CHILD,Male,Hispanic,4
OTHER MISCELLANEOUS CRIME,Male,Korean,4
BIKE - STOLEN,Female,Filipino,4
"RAPE, ATTEMPTED",Female,Other Asian,4
CRM AGNST CHLD (13 OR UNDER) (14-15 & SUSP 10 YRS OLDER),Female,Filipino,4
CRM AGNST CHLD (13 OR UNDER) (14-15 & SUSP 10 YRS OLDER),Female,Korean,4
BATTERY WITH SEXUAL CONTACT,Female,Filipino,4
BRANDISH WEAPON,Female,Unknown,4
THEFT FROM PERSON - ATTEMPT,Female,Black,4
DOCUMENT FORGERY / STOLEN FELONY,Female,Chinese,4
BURGLARY FROM VEHICLE,Male,Vietnamese,4
BURGLARY,Female,Japanese,4
LEWD CONDUCT,Unknown,Unknown,4
SHOPLIFTING - ATTEMPT,Male,Unknown,4
CHILD ABUSE (PHYSICAL) - SIMPLE ASSAULT,Male,Korean,4
LEWD/LASCIVIOUS ACTS WITH CHILD,Female,Other,4
BIKE - STOLEN,Female,Chinese,4
SHOPLIFTING - PETTY THEFT ($950 & UNDER),Male,American Indian/Alaskan Native,3
VEHICLE - STOLEN,Male,Unknown,3
"THEFT, COIN MACHINE - PETTY ($950 & UNDER)",Female,Other,3
VEHICLE - STOLEN,Female,Unknown,3
CHILD NEGLECT (SEE 300 W.I.C.),Male,Korean,3
"THEFT, COIN MACHINE - GRAND ($950.01 & OVER)",Male,White,3
ASSAULT WITH DEADLY WEAPON ON POLICE OFFICER,Female,Black,3
"ASSAULT WITH DEADLY WEAPON, AGGRAVATED ASSAULT",Female,Hawaiian,3
"THEFT, COIN MACHINE - ATTEMPT",Unknown,Unknown,3
CHILD ANNOYING (17YRS & UNDER),Male,Unknown,3
CHILD PORNOGRAPHY,Male,Black,3
WEAPONS POSSESSION/BOMBING,Male,Hispanic,3
WEAPONS POSSESSION/BOMBING,Male,Black,3
THEFT FROM MOTOR VEHICLE - GRAND ($400 AND OVER),Female,Japanese,3
"ASSAULT WITH DEADLY WEAPON, AGGRAVATED ASSAULT",Male,Hawaiian,3
SHOPLIFTING - PETTY THEFT ($950 & UNDER),Male,Filipino,3
THEFT FROM PERSON - ATTEMPT,Male,Other,3
SODOMY/SEXUAL CONTACT B/W PENIS OF ONE PERS TO ANUS OTH,Female,Other Asian,3
BURGLARY FROM VEHICLE,Female,American Indian/Alaskan Native,3
THEFT FROM PERSON - ATTEMPT,Female,White,3
BURGLARY,Male,Japanese,3
STALKING,Female,Korean,3
BIKE - STOLEN,Male,Pacific Islander,3
TELEPHONE PROPERTY - DAMAGE,Male,Black,3
BURGLARY,Female,Chinese,3
BOMB SCARE,Female,Unknown,3
"BUNCO, PETTY THEFT",Male,Korean,3
THEFT FROM MOTOR VEHICLE - ATTEMPT,Female,Unknown,3
"THEFT-GRAND ($950.01 & OVER)EXCPT,GUNS,FOWL,LIVESTK,PROD",Male,Hawaiian,3
"SEX,UNLAWFUL(INC MUTUAL CONSENT, PENETRATION W/ FRGN OBJ",Unknown,Unknown,3
BRANDISH WEAPON,Unknown,Other,3
VIOLATION OF RESTRAINING ORDER,Male,Korean,3
BURGLARY FROM VEHICLE,Male,Asian Indian,3
THEFT OF IDENTITY,Female,Vietnamese,3
"THEFT-GRAND ($950.01 & OVER)EXCPT,GUNS,FOWL,LIVESTK,PROD",Female,American Indian/Alaskan Native,3
CHILD ABUSE (PHYSICAL) - SIMPLE ASSAULT,Female,Unknown,3
ATTEMPTED ROBBERY,Male,Filipino,3
THEFT PLAIN - PETTY ($950 & UNDER),Female,Japanese,3
BATTERY - SIMPLE ASSAULT,Female,Japanese,3
THEFT PLAIN - ATTEMPT,Male,Other Asian,3
BATTERY - SIMPLE ASSAULT,Male,Chinese,3
"BURGLARY, ATTEMPTED",Female,Korean,3
"SHOTS FIRED AT MOVING VEHICLE, TRAIN OR AIRCRAFT",Female,White,3
"BUNCO, GRAND THEFT",Female,Filipino,3
VIOLATION OF COURT ORDER,Female,Korean,3
BATTERY POLICE (SIMPLE),Female,Unknown,3
"BURGLARY FROM VEHICLE, ATTEMPTED",Female,Other Asian,3
SHOTS FIRED AT INHABITED DWELLING,Male,Other Asian,3
THEFT OF IDENTITY,Male,Hawaiian,3
"THEFT-GRAND ($950.01 & OVER)EXCPT,GUNS,FOWL,LIVESTK,PROD",Male,American Indian/Alaskan Native,3
INCITING A RIOT,Unknown,Unknown,3
VEHICLE - ATTEMPT STOLEN,Female,Other Asian,3
VANDALISM - MISDEAMEANOR ($399 OR UNDER),Male,Japanese,3
"CREDIT CARDS, FRAUD USE ($950 & UNDER",Male,Unknown,3
"CREDIT CARDS, FRAUD USE ($950 & UNDER",Male,White,3
INTIMATE PARTNER - SIMPLE ASSAULT,Male,Filipino,3
THREATENING PHONE CALLS/LETTERS,Male,Unknown,3
PIMPING,Female,Other Asian,3
ORAL COPULATION,Male,Other,3
CRIMINAL HOMICIDE,Male,Other Asian,3
RECKLESS DRIVING,Female,Black,3
"RAPE, FORCIBLE",Male,White,3
KIDNAPPING,Female,Other Asian,3
CRIMINAL THREATS - NO WEAPON DISPLAYED,Female,Japanese,3
VANDALISM - MISDEAMEANOR ($399 OR UNDER),Female,Chinese,3
DISHONEST EMPLOYEE - GRAND THEFT,Unknown,Unknown,3
"RAPE, ATTEMPTED",Male,Hispanic,3
"RAPE, ATTEMPTED",Female,Unknown,3
TRESPASSING,Male,Filipino,3
PURSE SNATCHING - ATTEMPT,Female,Hispanic,3
"EMBEZZLEMENT, GRAND THEFT ($950.01 & OVER)",Female,Unknown,3
PICKPOCKET,Male,Korean,3
TILL TAP - PETTY ($950 & UNDER),Male,White,3
LEWD/LASCIVIOUS ACTS WITH CHILD,Female,Black,3
"DEFRAUDING INNKEEPER/THEFT OF SERVICES, $400 & UNDER",Female,Unknown,3
PROWLER,Male,Other Asian,3
"DEFRAUDING INNKEEPER/THEFT OF SERVICES, OVER $400",Female,Hispanic,3
"EMBEZZLEMENT, GRAND THEFT ($950.01 & OVER)",Female,Korean,3
DRUNK ROLL,Male,Other,3
"DEFRAUDING INNKEEPER/THEFT OF SERVICES, OVER $400",Female,White,3
"PICKPOCKET, ATTEMPT",Female,Hispanic,3
"DEFRAUDING INNKEEPER/THEFT OF SERVICES, OVER $400",Male,Hispanic,3
"CREDIT CARDS, FRAUD USE ($950 & UNDER",Male,Other,3
DOCUMENT WORTHLESS ($200 & UNDER),Unknown,Unknown,3
TILL TAP - PETTY ($950 & UNDER),Male,Other,3
TILL TAP - PETTY ($950 & UNDER),Male,Hispanic,3
"VANDALISM - FELONY ($400 & OVER, ALL CHURCH VANDALISMS)",Female,Chinese,3
VANDALISM - MISDEAMEANOR ($399 OR UNDER),Male,American Indian/Alaskan Native,3
CONSPIRACY,Male,Hispanic,3
CONSPIRACY,Male,Other,3
OTHER MISCELLANEOUS CRIME,Female,Korean,3
ILLEGAL DUMPING,Male,Black,3
ILLEGAL DUMPING,Female,Black,3
"VEHICLE - MOTORIZED SCOOTERS, BICYCLES, AND WHEELCHAIRS",Unknown,Unknown,3
CONTRIBUTING,Male,Hispanic,3
OTHER ASSAULT,Male,Unknown,3
SEX OFFENDER REGISTRANT OUT OF COMPLIANCE,Female,Hispanic,3
PANDERING,Male,Other,3
"DEFRAUDING INNKEEPER/THEFT OF SERVICES, OVER $400",Male,Unknown,3
"CREDIT CARDS, FRAUD USE ($950 & UNDER",Female,Hispanic,3
ROBBERY,Male,American Indian/Alaskan Native,3
PANDERING,Unknown,Unknown,3
"VEHICLE - MOTORIZED SCOOTERS, BICYCLES, AND WHEELCHAIRS",Male,Black,3
VIOLATION OF RESTRAINING ORDER,Female,Unknown,2
THEFT FROM MOTOR VEHICLE - PETTY ($950 & UNDER),Female,Vietnamese,2
DRIVING WITHOUT OWNER CONSENT (DWOC),Female,Unknown,2
DOCUMENT WORTHLESS ($200 & UNDER),Female,Hispanic,2
DISTURBING THE PEACE,Male,Filipino,2
THEFT OF IDENTITY,Male,American Indian/Alaskan Native,2
DRIVING WITHOUT OWNER CONSENT (DWOC),Female,White,2
THEFT FROM MOTOR VEHICLE - PETTY ($950 & UNDER),Male,Laotian,2
TRAIN WRECKING,Male,Unknown,2
DOCUMENT WORTHLESS ($200 & UNDER),Female,Black,2
BIKE - STOLEN,Male,Filipino,2
BATTERY WITH SEXUAL CONTACT,Female,Pacific Islander,2
BOMB SCARE,Male,Other Asian,2
DRIVING WITHOUT OWNER CONSENT (DWOC),Male,Black,2
THEFT FROM MOTOR VEHICLE - PETTY ($950 & UNDER),Male,Vietnamese,2
THEFT FROM MOTOR VEHICLE - PETTY ($950 & UNDER),Female,Japanese,2
DRIVING WITHOUT OWNER CONSENT (DWOC),Male,Other Asian,2
OTHER MISCELLANEOUS CRIME,Male,American Indian/Alaskan Native,2
BIKE - STOLEN,Female,Japanese,2
THEFT FROM PERSON - ATTEMPT,Male,Black,2
"THEFT-GRAND ($950.01 & OVER)EXCPT,GUNS,FOWL,LIVESTK,PROD",Female,Pacific Islander,2
DOCUMENT WORTHLESS ($200.01 & OVER),Female,Other Asian,2
LYNCHING - ATTEMPTED,Male,White,2
TRESPASSING,Female,Korean,2
THEFT FROM MOTOR VEHICLE - PETTY ($950 & UNDER),Unknown,White,2
THEFT FROM PERSON - ATTEMPT,Male,White,2
"THEFT-GRAND ($950.01 & OVER)EXCPT,GUNS,FOWL,LIVESTK,PROD",Female,Japanese,2
LYNCHING - ATTEMPTED,Male,Hispanic,2
LYNCHING,Male,Other,2
THEFT OF IDENTITY,Female,Pacific Islander,2
BIKE - STOLEN,Female,Vietnamese,2
VANDALISM - MISDEAMEANOR ($399 OR UNDER),Female,Pacific Islander,2
BIKE - STOLEN,Male,Vietnamese,2
BIKE - ATTEMPTED STOLEN,Male,Hispanic,2
LYNCHING,Female,Hispanic,2
BIGAMY,Male,White,2
BATTERY WITH SEXUAL CONTACT,Unknown,Unknown,2
BIKE - STOLEN,Male,Chinese,2
"SEX,UNLAWFUL(INC MUTUAL CONSENT, PENETRATION W/ FRGN OBJ",Male,Unknown,2
VANDALISM - MISDEAMEANOR ($399 OR UNDER),Female,American Indian/Alaskan Native,2
LEWD CONDUCT,Female,Other Asian,2
FALSE POLICE REPORT,Male,Black,2
GRAND THEFT / INSURANCE FRAUD,Male,Black,2
THEFT PLAIN - PETTY ($950 & UNDER),Male,Japanese,2
"ASSAULT WITH DEADLY WEAPON, AGGRAVATED ASSAULT",Male,Asian Indian,2
"ASSAULT WITH DEADLY WEAPON, AGGRAVATED ASSAULT",Male,American Indian/Alaskan Native,2
INTIMATE PARTNER - SIMPLE ASSAULT,Female,Japanese,2
THEFT PLAIN - PETTY ($950 & UNDER),Male,Pacific Islander,2
GRAND THEFT / INSURANCE FRAUD,Male,White,2
INTIMATE PARTNER - SIMPLE ASSAULT,Female,Cambodian,2
HUMAN TRAFFICKING - COMMERCIAL SEX ACTS,Male,Black,2
INTIMATE PARTNER - SIMPLE ASSAULT,Female,Asian Indian,2
"THEFT, COIN MACHINE - ATTEMPT",Female,Hispanic,2
"THEFT, COIN MACHINE - ATTEMPT",Female,White,2
INTIMATE PARTNER - AGGRAVATED ASSAULT,Male,Korean,2
"THEFT, COIN MACHINE - GRAND ($950.01 & OVER)",Female,Hispanic,2
"THEFT, COIN MACHINE - GRAND ($950.01 & OVER)",Female,White,2
HUMAN TRAFFICKING - INVOLUNTARY SERVITUDE,Female,White,2
"THEFT, PERSON",Female,Unknown,2
INTIMATE PARTNER - AGGRAVATED ASSAULT,Female,Chinese,2
ILLEGAL DUMPING,Male,Other Asian,2
INDECENT EXPOSURE,Male,Other Asian,2
INDECENT EXPOSURE,Male,Korean,2
"THEFT, COIN MACHINE - PETTY ($950 & UNDER)",Male,Unknown,2
INCEST (SEXUAL ACTS BETWEEN BLOOD RELATIVES),Female,Hispanic,2
ARSON,Female,Filipino,2
THEFT PLAIN - PETTY ($950 & UNDER),Male,Asian Indian,2
"ASSAULT WITH DEADLY WEAPON, AGGRAVATED ASSAULT",Unknown,Hispanic,2
THEFT PLAIN - PETTY ($950 & UNDER),Female,Vietnamese,2
BATTERY - SIMPLE ASSAULT,Male,Guamanian,2
BATTERY ON A FIREFIGHTER,Unknown,Unknown,2
BATTERY ON A FIREFIGHTER,Male,Other Asian,2
"DRUGS, TO A MINOR",Unknown,Unknown,2
BATTERY ON A FIREFIGHTER,Female,Hispanic,2
BATTERY ON A FIREFIGHTER,Female,Black,2
BATTERY - SIMPLE ASSAULT,Unknown,White,2
"LETTERS, LEWD  -  TELEPHONE CALLS, LEWD",Male,Asian Indian,2
THEFT PLAIN - ATTEMPT,Female,Korean,2
"EMBEZZLEMENT, GRAND THEFT ($950.01 & OVER)",Male,Korean,2
BATTERY - SIMPLE ASSAULT,Male,Pacific Islander,2
THEFT PLAIN - ATTEMPT,Male,American Indian/Alaskan Native,2
KIDNAPPING - GRAND ATTEMPT,Male,White,2
FALSE IMPRISONMENT,Unknown,Unknown,2
EXTORTION,Male,American Indian/Alaskan Native,2
KIDNAPPING - GRAND ATTEMPT,Female,Other,2
KIDNAPPING,Unknown,Unknown,2
KIDNAPPING,Male,Other Asian,2
FAILURE TO DISPERSE,Unknown,Unknown,2
BATTERY - SIMPLE ASSAULT,Female,Guamanian,2
"VANDALISM - FELONY ($400 & OVER, ALL CHURCH VANDALISMS)",Female,Vietnamese,2
FAILURE TO YIELD,Male,Black,2
FALSE IMPRISONMENT,Female,Korean,2
INTIMATE PARTNER - SIMPLE ASSAULT,Male,Samoan,2
INTIMATE PARTNER - SIMPLE ASSAULT,Male,Laotian,2
DISRUPT SCHOOL,Female,Hispanic,2
THEFT FROM MOTOR VEHICLE - PETTY ($950 & UNDER),Female,American Indian/Alaskan Native,2
DISRUPT SCHOOL,Female,Black,2
"SHOTS FIRED AT MOVING VEHICLE, TRAIN OR AIRCRAFT",Female,Black,2
RESISTING ARREST,Female,Black,2
VEHICLE - ATTEMPT STOLEN,Male,Korean,2
CRIMINAL THREATS - NO WEAPON DISPLAYED,Female,Hawaiian,2
"RAPE, FORCIBLE",Female,Unknown,2
CRIMINAL THREATS - NO WEAPON DISPLAYED,Male,American Indian/Alaskan Native,2
"BURGLARY, ATTEMPTED",Female,Filipino,2
VEHICLE - ATTEMPT STOLEN,Male,Japanese,2
THREATENING PHONE CALLS/LETTERS,Female,American Indian/Alaskan Native,2
"RAPE, FORCIBLE",Female,American Indian/Alaskan Native,2
VIOLATION OF COURT ORDER,Female,Unknown,2
"RAPE, ATTEMPTED",Female,Filipino,2
PURSE SNATCHING - ATTEMPT,Female,Other,2
PIMPING,Female,Other,2
"SHOTS FIRED AT MOVING VEHICLE, TRAIN OR AIRCRAFT",Female,Unknown,2
PURSE SNATCHING,Male,White,2
PURSE SNATCHING,Male,Black,2
"DEFRAUDING INNKEEPER/THEFT OF SERVICES, $400 & UNDER",Female,Korean,2
"THEFT-GRAND ($950.01 & OVER)EXCPT,GUNS,FOWL,LIVESTK,PROD",Male,Vietnamese,2
PROWLER,Male,Unknown,2
PROWLER,Male,Korean,2
BURGLARY FROM VEHICLE,Female,Japanese,2
BURGLARY FROM VEHICLE,Female,Guamanian,2
"THEFT-GRAND ($950.01 & OVER)EXCPT,GUNS,FOWL,LIVESTK,PROD",Male,Pacific Islander,2
BURGLARY,Male,Pacific Islander,2
CHILD ABANDONMENT,Male,White,2
THREATENING PHONE CALLS/LETTERS,Unknown,Unknown,2
CHILD ABUSE (PHYSICAL) - AGGRAVATED ASSAULT,Female,Other Asian,2
"CREDIT CARDS, FRAUD USE ($950.01 & OVER)",Female,Black,2
SEXUAL PENETRATION W/FOREIGN OBJECT,Female,Filipino,2
SEXUAL PENETRATION W/FOREIGN OBJECT,Female,Japanese,2
CHILD PORNOGRAPHY,Female,Other,2
CHILD STEALING,Male,Unknown,2
CHILD STEALING,Unknown,Unknown,2
CHILD NEGLECT (SEE 300 W.I.C.),Male,Unknown,2
SHOPLIFTING - ATTEMPT,Female,Black,2
SHOPLIFTING - ATTEMPT,Female,Other,2
THREATENING PHONE CALLS/LETTERS,Female,Korean,2
CONTEMPT OF COURT,Female,Unknown,2
CONTEMPT OF COURT,Male,Other Asian,2
"VEHICLE - MOTORIZED SCOOTERS, BICYCLES, AND WHEELCHAIRS",Male,White,2
CHILD NEGLECT (SEE 300 W.I.C.),Male,Filipino,2
SHOPLIFTING - PETTY THEFT ($950 & UNDER),Female,Filipino,2
CHILD NEGLECT (SEE 300 W.I.C.),Female,Korean,2
VEHICLE - STOLEN,Female,White,2
"VEHICLE - MOTORIZED SCOOTERS, BICYCLES, AND WHEELCHAIRS",Female,White,2
ROBBERY,Male,Chinese,2
ROBBERY,Female,Hawaiian,2
SHOPLIFTING - PETTY THEFT ($950 & UNDER),Male,Korean,2
ROBBERY,Female,Chinese,2
CHILD ABUSE (PHYSICAL) - SIMPLE ASSAULT,Female,Korean,2
CHILD ABUSE (PHYSICAL) - AGGRAVATED ASSAULT,Unknown,Unknown,2
BURGLARY,Male,Hawaiian,2
"EMBEZZLEMENT, PETTY THEFT ($950 & UNDER)",Male,Other Asian,2
THEFT FROM MOTOR VEHICLE - ATTEMPT,Male,Other Asian,2
DISHONEST EMPLOYEE - GRAND THEFT,Male,Unknown,2
THEFT FROM MOTOR VEHICLE - ATTEMPT,Female,Other Asian,2
"BUNCO, GRAND THEFT",Male,Filipino,2
DISHONEST EMPLOYEE - PETTY THEFT,Unknown,Unknown,2
"BUNCO, PETTY THEFT",Male,American Indian/Alaskan Native,2
"BUNCO, ATTEMPT",Female,Other Asian,2
"BUNCO, PETTY THEFT",Female,Filipino,2
PETTY THEFT - AUTO REPAIR,Male,Hispanic,2
PANDERING,Male,White,2
TILL TAP - PETTY ($950 & UNDER),Male,Black,2
"BUNCO, GRAND THEFT",Female,Chinese,2
THROWING OBJECT AT MOVING VEHICLE,Male,Unknown,2
TILL TAP - GRAND THEFT ($950.01 & OVER),Unknown,Unknown,2
DISHONEST EMPLOYEE - PETTY THEFT,Male,Other,2
TILL TAP - PETTY ($950 & UNDER),Female,Black,2
PEEPING TOM,Female,Korean,2
PEEPING TOM,Male,Other,2
PEEPING TOM,Male,Filipino,2
DISHONEST EMPLOYEE - PETTY THEFT,Female,White,2
PANDERING,Female,Other Asian,2
THEFT FROM MOTOR VEHICLE - GRAND ($400 AND OVER),Male,Pacific Islander,2
TELEPHONE PROPERTY - DAMAGE,Female,Hispanic,2
BRANDISH WEAPON,Male,Korean,2
BURGLARY,Female,Pacific Islander,2
DISCHARGE FIREARMS/SHOTS FIRED,Female,Other Asian,2
THEFT FROM MOTOR VEHICLE - PETTY ($950 & UNDER),Female,Asian Indian,2
"SEX,UNLAWFUL(INC MUTUAL CONSENT, PENETRATION W/ FRGN OBJ",Male,Other,2
STALKING,Male,Other,2
DISHONEST EMPLOYEE - GRAND THEFT,Female,Black,2
DISHONEST EMPLOYEE ATTEMPTED THEFT,Female,Hispanic,2
TELEPHONE PROPERTY - DAMAGE,Female,Black,2
DISHONEST EMPLOYEE - PETTY THEFT,Male,Hispanic,2
DISHONEST EMPLOYEE - GRAND THEFT,Male,Hispanic,2
VANDALISM - MISDEAMEANOR ($399 OR UNDER),Male,Pacific Islander,2
VIOLATION OF COURT ORDER,Unknown,Hispanic,1
THREATENING PHONE CALLS/LETTERS,Female,Unknown,1
THREATENING PHONE CALLS/LETTERS,Male,Korean,1
"VANDALISM - FELONY ($400 & OVER, ALL CHURCH VANDALISMS)",Female,Hawaiian,1
"VEHICLE - MOTORIZED SCOOTERS, BICYCLES, AND WHEELCHAIRS",Female,Hispanic,1
"VEHICLE - MOTORIZED SCOOTERS, BICYCLES, AND WHEELCHAIRS",Female,Other,1
WEAPONS POSSESSION/BOMBING,Male,Unknown,1
"THEFT-GRAND ($950.01 & OVER)EXCPT,GUNS,FOWL,LIVESTK,PROD",Female,Vietnamese,1
"VANDALISM - FELONY ($400 & OVER, ALL CHURCH VANDALISMS)",Female,Guamanian,1
TRAIN WRECKING,Female,Black,1
WEAPONS POSSESSION/BOMBING,Female,Other,1
VANDALISM - MISDEAMEANOR ($399 OR UNDER),Male,Hawaiian,1
"VEHICLE - MOTORIZED SCOOTERS, BICYCLES, AND WHEELCHAIRS",Male,Hispanic,1
VANDALISM - MISDEAMEANOR ($399 OR UNDER),Male,Guamanian,1
"THEFT-GRAND ($950.01 & OVER)EXCPT,GUNS,FOWL,LIVESTK,PROD",Male,Cambodian,1
"VANDALISM - FELONY ($400 & OVER, ALL CHURCH VANDALISMS)",Female,Japanese,1
VIOLATION OF COURT ORDER,Male,Filipino,1
TILL TAP - PETTY ($950 & UNDER),Female,Other,1
"VANDALISM - FELONY ($400 & OVER, ALL CHURCH VANDALISMS)",Male,Japanese,1
TRESPASSING,Male,Japanese,1
THROWING OBJECT AT MOVING VEHICLE,Male,Korean,1
"VANDALISM - FELONY ($400 & OVER, ALL CHURCH VANDALISMS)",Unknown,Other,1
"THEFT-GRAND ($950.01 & OVER)EXCPT,GUNS,FOWL,LIVESTK,PROD",Female,Hawaiian,1
"VANDALISM - FELONY ($400 & OVER, ALL CHURCH VANDALISMS)",Male,Vietnamese,1
"THEFT-GRAND ($950.01 & OVER)EXCPT,GUNS,FOWL,LIVESTK,PROD",Female,Asian Indian,1
VANDALISM - MISDEAMEANOR ($399 OR UNDER),Male,Chinese,1
TRESPASSING,Male,Cambodian,1
TRESPASSING,Male,Samoan,1
TILL TAP - ATTEMPT,Male,Other,1
TILL TAP - GRAND THEFT ($950.01 & OVER),Female,Hispanic,1
TRESPASSING,Unknown,Other,1
VIOLATION OF RESTRAINING ORDER,Male,Filipino,1
VEHICLE - ATTEMPT STOLEN,Female,Unknown,1
VIOLATION OF TEMPORARY RESTRAINING ORDER,Unknown,Unknown,1
VIOLATION OF COURT ORDER,Male,Japanese,1
THROWING OBJECT AT MOVING VEHICLE,Female,Unknown,1
TRESPASSING,Female,Japanese,1
VANDALISM - MISDEAMEANOR ($399 OR UNDER),Female,Guamanian,1
VIOLATION OF TEMPORARY RESTRAINING ORDER,Female,Pacific Islander,1
VIOLATION OF COURT ORDER,Female,Filipino,1
UNAUTHORIZED COMPUTER ACCESS,Female,Unknown,1
TILL TAP - GRAND THEFT ($950.01 & OVER),Male,Other,1
"VANDALISM - FELONY ($400 & OVER, ALL CHURCH VANDALISMS)",Female,Pacific Islander,1
VANDALISM - MISDEAMEANOR ($399 OR UNDER),Female,Hawaiian,1
VIOLATION OF COURT ORDER,Female,American Indian/Alaskan Native,1
VIOLATION OF TEMPORARY RESTRAINING ORDER,Male,Other Asian,1
VANDALISM - MISDEAMEANOR ($399 OR UNDER),Female,Japanese,1
VEHICLE - ATTEMPT STOLEN,Female,Filipino,1
ABORTION/ILLEGAL,Female,Hispanic,1
"THEFT, PERSON",Female,Filipino,1
CRM AGNST CHLD (13 OR UNDER) (14-15 & SUSP 10 YRS OLDER),Female,Unknown,1
DISHONEST EMPLOYEE - PETTY THEFT,Male,Black,1
DISHONEST EMPLOYEE - PETTY THEFT,Female,Other Asian,1
DISHONEST EMPLOYEE - PETTY THEFT,Female,Hispanic,1
DISHONEST EMPLOYEE - PETTY THEFT,Female,Black,1
DISHONEST EMPLOYEE - GRAND THEFT,Female,Hispanic,1
DISCHARGE FIREARMS/SHOTS FIRED,Male,Other Asian,1
DISCHARGE FIREARMS/SHOTS FIRED,Male,American Indian/Alaskan Native,1
DISCHARGE FIREARMS/SHOTS FIRED,Female,Unknown,1
"DEFRAUDING INNKEEPER/THEFT OF SERVICES, OVER $400",Male,Black,1
"DEFRAUDING INNKEEPER/THEFT OF SERVICES, OVER $400",Female,Black,1
"DEFRAUDING INNKEEPER/THEFT OF SERVICES, $400 & UNDER",Female,Pacific Islander,1
CRUELTY TO ANIMALS,Male,Other Asian,1
CRUELTY TO ANIMALS,Female,Other Asian,1
CRM AGNST CHLD (13 OR UNDER) (14-15 & SUSP 10 YRS OLDER),Male,Other Asian,1
CRM AGNST CHLD (13 OR UNDER) (14-15 & SUSP 10 YRS OLDER),Female,Pacific Islander,1
DISHONEST EMPLOYEE ATTEMPTED THEFT,Male,Other,1
CRIMINAL THREATS - NO WEAPON DISPLAYED,Male,Pacific Islander,1
CRIMINAL THREATS - NO WEAPON DISPLAYED,Male,Chinese,1
CRIMINAL THREATS - NO WEAPON DISPLAYED,Female,Guamanian,1
CRIMINAL THREATS - NO WEAPON DISPLAYED,Female,Chinese,1
CRIMINAL THREATS - NO WEAPON DISPLAYED,Female,American Indian/Alaskan Native,1
CRIMINAL HOMICIDE,Female,Other Asian,1
CRIMINAL HOMICIDE,Female,Chinese,1
"CREDIT CARDS, FRAUD USE ($950.01 & OVER)",Male,Other Asian,1
"CREDIT CARDS, FRAUD USE ($950 & UNDER",Male,American Indian/Alaskan Native,1
"CREDIT CARDS, FRAUD USE ($950 & UNDER",Female,Other Asian,1
COUNTERFEIT,Male,Other Asian,1
COUNTERFEIT,Female,Other Asian,1
CONTRIBUTING,Male,White,1
CONTRIBUTING,Female,Other,1
DISHONEST EMPLOYEE - PETTY THEFT,Male,Unknown,1
DISHONEST EMPLOYEE ATTEMPTED THEFT,Male,White,1
"THEFT, PERSON",Female,American Indian/Alaskan Native,1
DRIVING WITHOUT OWNER CONSENT (DWOC),Female,Other Asian,1
FAILURE TO DISPERSE,Female,Black,1
EXTORTION,Male,Unknown,1
EXTORTION,Male,Chinese,1
EXTORTION,Female,Korean,1
"EMBEZZLEMENT, PETTY THEFT ($950 & UNDER)",Female,Other Asian,1
DRUNK ROLL - ATTEMPT,Male,Black,1
DRUNK ROLL,Male,White,1
DRUNK ROLL,Male,Korean,1
DRUNK ROLL,Female,Hispanic,1
"DRUGS, TO A MINOR",Male,White,1
"DRUGS, TO A MINOR",Male,Black,1
"DRUGS, TO A MINOR",Female,White,1
"DRUGS, TO A MINOR",Female,Black,1
DRIVING WITHOUT OWNER CONSENT (DWOC),Unknown,Other,1
DOCUMENT WORTHLESS ($200.01 & OVER),Male,Unknown,1
DISHONEST EMPLOYEE ATTEMPTED THEFT,Unknown,Unknown,1
DOCUMENT WORTHLESS ($200.01 & OVER),Male,Other Asian,1
DOCUMENT WORTHLESS ($200.01 & OVER),Male,Korean,1
DOCUMENT WORTHLESS ($200.01 & OVER),Male,Japanese,1
DOCUMENT WORTHLESS ($200 & UNDER),Male,White,1
DOCUMENT WORTHLESS ($200 & UNDER),Male,Hispanic,1
DOCUMENT FORGERY / STOLEN FELONY,Male,Hawaiian,1
DOCUMENT FORGERY / STOLEN FELONY,Male,Filipino,1
DOCUMENT FORGERY / STOLEN FELONY,Female,Hawaiian,1
DOCUMENT FORGERY / STOLEN FELONY,Female,Filipino,1
DISTURBING THE PEACE,Male,Unknown,1
DISTURBING THE PEACE,Female,American Indian/Alaskan Native,1
DISRUPT SCHOOL,Unknown,Unknown,1
DISRUPT SCHOOL,Male,Hispanic,1
DISRUPT SCHOOL,Female,White,1
CONSPIRACY,Male,White,1
CONSPIRACY,Male,Black,1
CONSPIRACY,Female,White,1
BATTERY - SIMPLE ASSAULT,Female,Samoan,1
BOMB SCARE,Female,Other Asian,1
BIKE - STOLEN,Male,Asian Indian,1
BIKE - STOLEN,Female,Korean,1
BIKE - ATTEMPTED STOLEN,Male,Unknown,1
BIKE - ATTEMPTED STOLEN,Male,Other Asian,1
BIKE - ATTEMPTED STOLEN,Male,Other,1
BIKE - ATTEMPTED STOLEN,Female,White,1
"BEASTIALITY, CRIME AGAINST NATURE SEXUAL ASSLT WITH ANIM",Male,White,1
"BEASTIALITY, CRIME AGAINST NATURE SEXUAL ASSLT WITH ANIM",Male,Other,1
BATTERY WITH SEXUAL CONTACT,Unknown,White,1
BATTERY WITH SEXUAL CONTACT,Male,Unknown,1
BATTERY ON A FIREFIGHTER,Female,White,1
BATTERY - SIMPLE ASSAULT,Unknown,Other Asian,1
BATTERY - SIMPLE ASSAULT,Male,Hawaiian,1
ATTEMPTED ROBBERY,Unknown,Hispanic,1
CHILD PORNOGRAPHY,Female,Black,1
ATTEMPTED ROBBERY,Male,Pacific Islander,1
ATTEMPTED ROBBERY,Male,Chinese,1
ATTEMPTED ROBBERY,Female,Guamanian,1
"ASSAULT WITH DEADLY WEAPON, AGGRAVATED ASSAULT",Unknown,Other,1
"ASSAULT WITH DEADLY WEAPON, AGGRAVATED ASSAULT",Male,Vietnamese,1
"ASSAULT WITH DEADLY WEAPON, AGGRAVATED ASSAULT",Male,Pacific Islander,1
"ASSAULT WITH DEADLY WEAPON, AGGRAVATED ASSAULT",Male,Japanese,1
"ASSAULT WITH DEADLY WEAPON, AGGRAVATED ASSAULT",Male,Chinese,1
"ASSAULT WITH DEADLY WEAPON, AGGRAVATED ASSAULT",Female,Filipino,1
"ASSAULT WITH DEADLY WEAPON, AGGRAVATED ASSAULT",Female,American Indian/Alaskan Native,1
ARSON,Male,Hawaiian,1
ARSON,Male,Chinese,1
ARSON,Female,Other Asian,1
ARSON,Female,Hawaiian,1
BRANDISH WEAPON,Female,Guamanian,1
BRIBERY,Female,Hispanic,1
BRIBERY,Female,White,1
BRIBERY,Male,Hispanic,1
CHILD NEGLECT (SEE 300 W.I.C.),Unknown,Unknown,1
CHILD NEGLECT (SEE 300 W.I.C.),Female,Filipino,1
CHILD ANNOYING (17YRS & UNDER),Female,Unknown,1
CHILD ANNOYING (17YRS & UNDER),Female,Korean,1
CHILD ANNOYING (17YRS & UNDER),Female,Filipino,1
CHILD ABUSE (PHYSICAL) - SIMPLE ASSAULT,Unknown,Unknown,1
CHILD ABUSE (PHYSICAL) - SIMPLE ASSAULT,Female,Cambodian,1
CHILD ABUSE (PHYSICAL) - AGGRAVATED ASSAULT,Male,Other Asian,1
CHILD ABUSE (PHYSICAL) - AGGRAVATED ASSAULT,Female,Korean,1
CHILD ABANDONMENT,Female,White,1
"BURGLARY, ATTEMPTED",Male,Hawaiian,1
"BURGLARY, ATTEMPTED",Male,Filipino,1
"BURGLARY, ATTEMPTED",Female,Chinese,1
"BURGLARY FROM VEHICLE, ATTEMPTED",Male,Korean,1
"BURGLARY FROM VEHICLE, ATTEMPTED",Female,Unknown,1
BURGLARY FROM VEHICLE,Unknown,White,1
BURGLARY,Unknown,Other Asian,1
BURGLARY,Male,Vietnamese,1
BURGLARY,Male,Cambodian,1
BURGLARY,Male,Asian Indian,1
"BUNCO, PETTY THEFT",Male,Chinese,1
"BUNCO, GRAND THEFT",Male,Vietnamese,1
"BUNCO, GRAND THEFT",Male,Pacific Islander,1
"BUNCO, GRAND THEFT",Male,American Indian/Alaskan Native,1
"BUNCO, ATTEMPT",Male,Other Asian,1
"BUNCO, ATTEMPT",Male,Filipino,1
"BUNCO, ATTEMPT",Female,Korean,1
"BUNCO, ATTEMPT",Female,American Indian/Alaskan Native,1
BRIBERY,Male,Other,1
FAILURE TO DISPERSE,Male,Other,1
FAILURE TO DISPERSE,Male,Unknown,1
FAILURE TO DISPERSE,Male,White,1
"SEX,UNLAWFUL(INC MUTUAL CONSENT, PENETRATION W/ FRGN OBJ",Male,Filipino,1
STALKING,Male,Unknown,1
STALKING,Female,Unknown,1
SODOMY/SEXUAL CONTACT B/W PENIS OF ONE PERS TO ANUS OTH,Male,Other Asian,1
"SHOTS FIRED AT MOVING VEHICLE, TRAIN OR AIRCRAFT",Male,White,1
"SHOTS FIRED AT MOVING VEHICLE, TRAIN OR AIRCRAFT",Male,Unknown,1
"SHOTS FIRED AT MOVING VEHICLE, TRAIN OR AIRCRAFT",Male,Other Asian,1
SHOTS FIRED AT INHABITED DWELLING,Male,Korean,1
SHOTS FIRED AT INHABITED DWELLING,Male,Japanese,1
SHOTS FIRED AT INHABITED DWELLING,Female,Chinese,1
SHOPLIFTING - PETTY THEFT ($950 & UNDER),Male,Chinese,1
SHOPLIFTING - ATTEMPT,Female,Other Asian,1
SHOPLIFTING - ATTEMPT,Female,Hispanic,1
SEXUAL PENETRATION W/FOREIGN OBJECT,Female,Chinese,1
"SEX,UNLAWFUL(INC MUTUAL CONSENT, PENETRATION W/ FRGN OBJ",Male,Korean,1
"SEX,UNLAWFUL(INC MUTUAL CONSENT, PENETRATION W/ FRGN OBJ",Female,Unknown,1
PROWLER,Male,Filipino,1
"SEX,UNLAWFUL(INC MUTUAL CONSENT, PENETRATION W/ FRGN OBJ",Female,Korean,1
"SEX,UNLAWFUL(INC MUTUAL CONSENT, PENETRATION W/ FRGN OBJ",Female,Chinese,1
SEX OFFENDER REGISTRANT OUT OF COMPLIANCE,Female,Unknown,1
ROBBERY,Female,American Indian/Alaskan Native,1
RESISTING ARREST,Male,Filipino,1
RESISTING ARREST,Female,Unknown,1
RESISTING ARREST,Female,Other,1
"REPLICA FIREARMS(SALE,DISPLAY,MANUFACTURE OR DISTRIBUTE)",Female,White,1
"REPLICA FIREARMS(SALE,DISPLAY,MANUFACTURE OR DISTRIBUTE)",Female,Black,1
RECKLESS DRIVING,Male,Other Asian,1
"RAPE, FORCIBLE",Female,Pacific Islander,1
"RAPE, FORCIBLE",Female,Chinese,1
"RAPE, ATTEMPTED",Female,Korean,1
"RAPE, ATTEMPTED",Female,Japanese,1
TELEPHONE PROPERTY - DAMAGE,Male,Other Asian,1
TELEPHONE PROPERTY - DAMAGE,Male,White,1
THEFT FROM MOTOR VEHICLE - ATTEMPT,Male,Korean,1
THEFT FROM MOTOR VEHICLE - ATTEMPT,Male,Unknown,1
"THEFT, COIN MACHINE - PETTY ($950 & UNDER)",Female,Other Asian,1
"THEFT, COIN MACHINE - PETTY ($950 & UNDER)",Female,Hispanic,1
"THEFT, COIN MACHINE - PETTY ($950 & UNDER)",Female,Black,1
"THEFT, COIN MACHINE - GRAND ($950.01 & OVER)",Unknown,Unknown,1
"THEFT, COIN MACHINE - GRAND ($950.01 & OVER)",Male,Unknown,1
THEFT PLAIN - PETTY ($950 & UNDER),Unknown,White,1
THEFT PLAIN - PETTY ($950 & UNDER),Unknown,Other,1
THEFT PLAIN - PETTY ($950 & UNDER),Male,Samoan,1
THEFT PLAIN - PETTY ($950 & UNDER),Female,Laotian,1
THEFT PLAIN - PETTY ($950 & UNDER),Female,Cambodian,1
THEFT PLAIN - ATTEMPT,Female,Unknown,1
THEFT OF IDENTITY,Unknown,Korean,1
THEFT OF IDENTITY,Unknown,Hispanic,1
THEFT OF IDENTITY,Unknown,Black,1
THEFT OF IDENTITY,Male,Vietnamese,1
THEFT OF IDENTITY,Male,Samoan,1
THEFT OF IDENTITY,Male,Japanese,1
THEFT OF IDENTITY,Female,American Indian/Alaskan Native,1
THEFT FROM PERSON - ATTEMPT,Male,Unknown,1
THEFT FROM PERSON - ATTEMPT,Male,Other Asian,1
THEFT FROM PERSON - ATTEMPT,Female,Other Asian,1
THEFT FROM MOTOR VEHICLE - PETTY ($950 & UNDER),Male,Japanese,1
THEFT FROM MOTOR VEHICLE - PETTY ($950 & UNDER),Male,Asian Indian,1
THEFT FROM MOTOR VEHICLE - PETTY ($950 & UNDER),Male,American Indian/Alaskan Native,1
THEFT FROM MOTOR VEHICLE - PETTY ($950 & UNDER),Female,Pacific Islander,1
THEFT FROM MOTOR VEHICLE - PETTY ($950 & UNDER),Female,Cambodian,1
THEFT FROM MOTOR VEHICLE - GRAND ($400 AND OVER),Male,Japanese,1
THEFT FROM MOTOR VEHICLE - GRAND ($400 AND OVER),Female,Vietnamese,1
THEFT FROM MOTOR VEHICLE - ATTEMPT,Unknown,Unknown,1
PURSE SNATCHING,Female,Filipino,1
PIMPING,Male,White,1
FAILURE TO YIELD,Female,Black,1
INDECENT EXPOSURE,Unknown,Unknown,1
"LETTERS, LEWD  -  TELEPHONE CALLS, LEWD",Female,Vietnamese,1
"LETTERS, LEWD  -  TELEPHONE CALLS, LEWD",Female,Pacific Islander,1
"LETTERS, LEWD  -  TELEPHONE CALLS, LEWD",Female,Filipino,1
"LETTERS, LEWD  -  TELEPHONE CALLS, LEWD",Female,Chinese,1
KIDNAPPING - GRAND ATTEMPT,Male,Other,1
KIDNAPPING - GRAND ATTEMPT,Female,Other Asian,1
KIDNAPPING - GRAND ATTEMPT,Female,Filipino,1
KIDNAPPING,Male,Unknown,1
KIDNAPPING,Female,Korean,1
KIDNAPPING,Female,Chinese,1
INTIMATE PARTNER - SIMPLE ASSAULT,Female,Guamanian,1
INTIMATE PARTNER - SIMPLE ASSAULT,Female,Chinese,1
INTIMATE PARTNER - AGGRAVATED ASSAULT,Male,Pacific Islander,1
INTIMATE PARTNER - AGGRAVATED ASSAULT,Female,Pacific Islander,1
INDECENT EXPOSURE,Female,Unknown,1
PIMPING,Male,Other,1
INDECENT EXPOSURE,Female,Japanese,1
INCITING A RIOT,Male,White,1
INCITING A RIOT,Male,Other,1
INCITING A RIOT,Male,Black,1
INCITING A RIOT,Female,Hispanic,1
INCEST (SEXUAL ACTS BETWEEN BLOOD RELATIVES),Female,Black,1
ILLEGAL DUMPING,Male,Korean,1
ILLEGAL DUMPING,Female,Other Asian,1
HUMAN TRAFFICKING - INVOLUNTARY SERVITUDE,Female,Other,1
HUMAN TRAFFICKING - COMMERCIAL SEX ACTS,Male,Hispanic,1
HUMAN TRAFFICKING - COMMERCIAL SEX ACTS,Female,Other Asian,1
FALSE IMPRISONMENT,Male,Korean,1
FALSE IMPRISONMENT,Female,Unknown,1
FAILURE TO YIELD,Female,Hispanic,1
"LETTERS, LEWD  -  TELEPHONE CALLS, LEWD",Male,American Indian/Alaskan Native,1
"LETTERS, LEWD  -  TELEPHONE CALLS, LEWD",Male,Chinese,1
LEWD CONDUCT,Female,Unknown,1
LEWD CONDUCT,Male,Other Asian,1
PICKPOCKET,Unknown,White,1
PICKPOCKET,Male,Filipino,1
PICKPOCKET,Female,Unknown,1
PICKPOCKET,Female,Pacific Islander,1
PETTY THEFT - AUTO REPAIR,Unknown,Unknown,1
PETTY THEFT - AUTO REPAIR,Female,White,1
PETTY THEFT - AUTO REPAIR,Female,Other Asian,1
PETTY THEFT - AUTO REPAIR,Female,Black,1
PEEPING TOM,Male,Black,1
PEEPING TOM,Female,Filipino,1
PANDERING,Male,Unknown,1
PANDERING,Male,Hispanic,1
OTHER MISCELLANEOUS CRIME,Male,Samoan,1
OTHER MISCELLANEOUS CRIME,Male,Chinese,1
OTHER MISCELLANEOUS CRIME,Female,Filipino,1
OTHER ASSAULT,Male,Korean,1
ORAL COPULATION,Unknown,Unknown,1
ORAL COPULATION,Male,Unknown,1
ORAL COPULATION,Female,Filipino,1
LYNCHING - ATTEMPTED,Male,Other,1
LYNCHING - ATTEMPTED,Male,Black,1
LYNCHING,Unknown,Unknown,1
LYNCHING,Male,Unknown,1
LYNCHING,Male,Hispanic,1
LEWD/LASCIVIOUS ACTS WITH CHILD,Male,White,1
LEWD/LASCIVIOUS ACTS WITH CHILD,Male,Other Asian,1
LEWD/LASCIVIOUS ACTS WITH CHILD,Male,Black,1
LEWD/LASCIVIOUS ACTS WITH CHILD,Female,Guamanian,1
LEWD CONDUCT,Male,Unknown,1
INTIMATE PARTNER - SIMPLE ASSAULT,Male,American Indian/Alaskan Native,1
